timestamp,date,time,hour,symbol,action,confidence,trend,entry_price,sl_price,tp_price,risk_reward,reasoning,entry_quality,market_price,atr_14,rsi_14,ema_trend,triggered,executed,skip_reason
2026-02-10T23:18:19.435423,2026-02-10,23:18:19,23,XAUUSD,SELL,100.0,unknown,5028.0,5032.0,5013.0,0,"GPT V3: VERY_HIGH accuracy, GOOD quality, lot 1.50x",unknown,5028.360000000001,0,0,unknown,True,False,
2026-02-11T01:12:07.054188,2026-02-11,01:12:07,1,XAUUSD,BUY,100.0,unknown,5035.18,5031.18,5050.18,0,"GPT V3: VERY_HIGH accuracy, GOOD quality, lot 1.50x",unknown,5034.68,0,0,unknown,True,False,
2026-02-11T01:25:12.477637,2026-02-11,01:25:12,1,XAUUSD,BUY,100.0,unknown,5047.94,5043.94,5062.94,0,"GPT V3: VERY_HIGH accuracy, GOOD quality, lot 1.50x",unknown,5047.815,0,0,unknown,True,False,
2026-02-11T01:51:27.103408,2026-02-11,01:51:27,1,XAUUSD,BUY,100.0,unknown,5041.57,5037.57,5056.57,0,"GPT V3: VERY_HIGH accuracy, GOOD quality, lot 1.50x",unknown,5042.120000000001,0,0,unknown,True,False,
2026-02-11T02:26:17.099055,2026-02-11,02:26:17,2,XAUUSD,SELL,100.0,unknown,5038.56,5042.56,5023.56,0,"GPT V3: VERY_HIGH accuracy, GOOD quality, lot 1.50x",unknown,5038.925,0,0,unknown,True,False,
2026-02-11T02:41:16.578206,2026-02-11,02:41:16,2,XAUUSD,BUY,100.0,unknown,5044.76,5040.76,5059.76,0,"GPT V3: VERY_HIGH accuracy, GOOD quality, lot 1.50x",unknown,5044.780000000001,0,0,unknown,True,False,
2026-02-11T02:50:01.490385,2026-02-11,02:50:01,2,XAUUSD,SELL,100.0,unknown,5035.95,5039.95,5020.95,0,"GPT V3: VERY_HIGH accuracy, GOOD quality, lot 1.50x",unknown,5035.969999999999,0,0,unknown,True,False,
2026-02-11T03:16:56.266688,2026-02-11,03:16:56,3,XAUUSD,BUY,100.0,unknown,5044.18,5040.18,5059.18,0,"GPT V3: VERY_HIGH accuracy, GOOD quality, lot 1.50x",unknown,5044.525,0,0,unknown,True,False,
2026-02-11T03:32:02.962528,2026-02-11,03:32:02,3,XAUUSD,SELL,100.0,unknown,5037.49,5041.49,5022.49,0,"GPT V3: VERY_HIGH accuracy, GOOD quality, lot 1.50x",unknown,5034.905000000001,0,0,unknown,True,False,
2026-02-11T03:56:03.567866,2026-02-11,03:56:03,3,XAUUSD,BUY,100.0,unknown,5050.3,5046.3,5065.3,0,"GPT V3: VERY_HIGH accuracy, GOOD quality, lot 1.50x",unknown,5050.41,0,0,unknown,True,False,
2026-02-11T04:11:07.151238,2026-02-11,04:11:07,4,XAUUSD,SELL,100.0,unknown,5039.94,5043.94,5024.94,0,"GPT V3: VERY_HIGH accuracy, GOOD quality, lot 1.50x",unknown,5039.535,0,0,unknown,True,False,
2026-02-11T04:21:31.357294,2026-02-11,04:21:31,4,XAUUSD,SELL,100.0,unknown,5043.93,5047.93,5028.93,0,"GPT V3: VERY_HIGH accuracy, GOOD quality, lot 1.50x",unknown,5044.0599999999995,0,0,unknown,True,False,
2026-02-11T04:58:17.750761,2026-02-11,04:58:17,4,XAUUSD,BUY,100.0,unknown,5054.12,5050.12,5069.12,0,"GPT V3: VERY_HIGH accuracy, GOOD quality, lot 1.50x",unknown,5054.385,0,0,unknown,True,False,
2026-02-11T05:31:56.110368,2026-02-11,05:31:56,5,XAUUSD,BUY,100.0,unknown,5059.29,5055.29,5074.29,0,"GPT V3: VERY_HIGH accuracy, GOOD quality, lot 1.50x",unknown,5059.325,0,0,unknown,True,False,
2026-02-11T07:05:16.119897,2026-02-11,07:05:16,7,XAUUSD,SELL,100.0,unknown,5045.0,5049.0,5030.0,0,"GPT V3: VERY_HIGH accuracy, GOOD quality, lot 1.50x",unknown,5045.425,0,0,unknown,True,False,
2026-02-11T07:41:33.403546,2026-02-11,07:41:33,7,XAUUSD,SELL,100.0,unknown,5063.89,5067.89,5048.89,0,"GPT V3: VERY_HIGH accuracy, GOOD quality, lot 1.50x",unknown,5063.915,0,0,unknown,True,False,
2026-02-11T07:56:32.996553,2026-02-11,07:56:32,7,XAUUSD,SELL,100.0,unknown,5048.76,5052.76,5033.76,0,"GPT V3: VERY_HIGH accuracy, GOOD quality, lot 1.50x",unknown,5048.48,0,0,unknown,True,False,
2026-02-11T08:24:12.452047,2026-02-11,08:24:12,8,XAUUSD,SELL,100.0,unknown,5056.0,5060.0,5041.0,0,"GPT V3: VERY_HIGH accuracy, GOOD quality, lot 1.50x",unknown,5056.495,0,0,unknown,True,False,
2026-02-11T09:14:44.445939,2026-02-11,09:14:44,9,XAUUSD,BUY,100.0,unknown,5059.15,5055.15,5074.15,0,"GPT V3: VERY_HIGH accuracy, GOOD quality, lot 1.50x",unknown,5058.85,0,0,unknown,True,False,
2026-02-11T09:29:49.143469,2026-02-11,09:29:49,9,XAUUSD,BUY,100.0,unknown,5060.6,5056.6,5075.6,0,"GPT V3: VERY_HIGH accuracy, GOOD quality, lot 1.50x",unknown,5060.385,0,0,unknown,True,False,
2026-02-11T09:46:43.638342,2026-02-11,09:46:43,9,XAUUSD,SELL,100.0,unknown,5054.0,5058.0,5039.0,0,"GPT V3: VERY_HIGH accuracy, GOOD quality, lot 1.50x",unknown,5054.245,0,0,unknown,True,False,
2026-02-11T09:48:44.800357,2026-02-11,09:48:44,9,XAUUSD,BUY,100.0,unknown,5052.25,5048.25,5067.25,0,"GPT V3: VERY_HIGH accuracy, GOOD quality, lot 1.50x",unknown,5051.969999999999,0,0,unknown,True,False,
2026-02-11T09:50:56.168538,2026-02-11,09:50:56,9,XAUUSD,SELL,100.0,unknown,5052.86,5056.86,5037.86,0,"GPT V3: VERY_HIGH accuracy, GOOD quality, lot 1.50x",unknown,5052.695,0,0,unknown,True,False,
2026-02-11T09:51:35.638221,2026-02-11,09:51:35,9,XAUUSD,BUY,100.0,unknown,5053.87,5049.87,5068.87,0,"GPT V3: VERY_HIGH accuracy, GOOD quality, lot 1.50x",unknown,5053.48,0,0,unknown,True,False,
2026-02-11T10:06:36.389443,2026-02-11,10:06:36,10,XAUUSD,SELL,100.0,unknown,5058.0,5062.0,5043.0,0,"GPT V3: VERY_HIGH accuracy, GOOD quality, lot 1.50x",unknown,5057.264999999999,0,0,unknown,True,False,
2026-02-11T10:16:27.108130,2026-02-11,10:16:27,10,XAUUSD,SELL,100.0,unknown,5051.0,5055.0,5036.0,0,"GPT V3: VERY_HIGH accuracy, GOOD quality, lot 1.50x",unknown,5051.41,0,0,unknown,True,False,
2026-02-11T10:25:47.921080,2026-02-11,10:25:47,10,XAUUSD,SELL,100.0,unknown,5054.68,5058.68,5039.68,0,"GPT V3: VERY_HIGH accuracy, GOOD quality, lot 1.50x",unknown,5054.1849999999995,0,0,unknown,True,False,
2026-02-11T10:44:59.782338,2026-02-11,10:44:59,10,XAUUSD,SELL,100.0,unknown,5052.0,5056.0,5037.0,0,"GPT V3: VERY_HIGH accuracy, GOOD quality, lot 1.50x",unknown,5052.35,0,0,unknown,True,False,
2026-02-11T11:31:02.315984,2026-02-11,11:31:02,11,XAUUSD,SELL,100.0,unknown,5054.73,5058.73,5039.73,0,"GPT V3: VERY_HIGH accuracy, GOOD quality, lot 1.50x",unknown,5054.6,0,0,unknown,True,False,
2026-02-11T11:48:24.797105,2026-02-11,11:48:24,11,XAUUSD,BUY,100.0,unknown,5069.48,5065.48,5084.48,0,"GPT V3: VERY_HIGH accuracy, GOOD quality, lot 1.50x",unknown,5069.09,0,0,unknown,True,False,
2026-02-11T12:03:16.717092,2026-02-11,12:03:16,12,XAUUSD,SELL,100.0,unknown,5065.0,5069.0,5050.0,0,"GPT V3: VERY_HIGH accuracy, GOOD quality, lot 1.50x",unknown,5064.45,0,0,unknown,True,False,
2026-02-11T12:27:41.453538,2026-02-11,12:27:41,12,XAUUSD,BUY,100.0,unknown,5069.0,5065.0,5084.0,0,"GPT V3: VERY_HIGH accuracy, GOOD quality, lot 1.50x",unknown,5069.425,0,0,unknown,True,False,
2026-02-11T12:42:41.836036,2026-02-11,12:42:41,12,XAUUSD,BUY,100.0,unknown,5081.06,5077.06,5096.06,0,"GPT V3: VERY_HIGH accuracy, GOOD quality, lot 1.50x",unknown,5082.82,0,0,unknown,True,False,
2026-02-11T12:59:28.428100,2026-02-11,12:59:28,12,XAUUSD,SELL,100.0,unknown,5092.85,5096.85,5077.85,0,"GPT V3: VERY_HIGH accuracy, GOOD quality, lot 1.50x",unknown,5092.47,0,0,unknown,True,False,
2026-02-11T13:14:37.578734,2026-02-11,13:14:37,13,XAUUSD,SELL,100.0,unknown,5089.47,5093.47,5074.47,0,"GPT V3: VERY_HIGH accuracy, GOOD quality, lot 1.50x",unknown,5089.610000000001,0,0,unknown,True,False,
2026-02-11T13:19:11.182064,2026-02-11,13:19:11,13,XAUUSD,SELL,100.0,unknown,5095.0,5099.0,5080.0,0,"GPT V3: VERY_HIGH accuracy, GOOD quality, lot 1.50x",unknown,5095.38,0,0,unknown,True,False,
2026-02-11T13:30:44.807514,2026-02-11,13:30:44,13,XAUUSD,BUY,100.0,unknown,5104.44,5100.44,5119.44,0,"GPT V3: VERY_HIGH accuracy, GOOD quality, lot 1.50x",unknown,5104.549999999999,0,0,unknown,True,False,
2026-02-11T13:53:35.436253,2026-02-11,13:53:35,13,XAUUSD,SELL,100.0,unknown,5114.73,5118.73,5099.73,0,"GPT V3: VERY_HIGH accuracy, GOOD quality, lot 1.50x",unknown,5114.805,0,0,unknown,True,False,
2026-02-11T14:08:34.377075,2026-02-11,14:08:34,14,XAUUSD,BUY,100.0,unknown,5102.01,5098.01,5117.01,0,"GPT V3: VERY_HIGH accuracy, GOOD quality, lot 1.50x",unknown,5101.889999999999,0,0,unknown,True,False,
2026-02-11T14:12:31.158837,2026-02-11,14:12:31,14,XAUUSD,SELL,100.0,unknown,5102.94,5106.94,5087.94,0,"GPT V3: VERY_HIGH accuracy, GOOD quality, lot 1.50x",unknown,5102.5599999999995,0,0,unknown,True,False,
2026-02-11T14:26:41.987162,2026-02-11,14:26:41,14,XAUUSD,SELL,100.0,unknown,5098.0,5102.0,5083.0,0,"GPT V3: VERY_HIGH accuracy, GOOD quality, lot 1.50x",unknown,5098.21,0,0,unknown,True,False,
2026-02-11T14:45:22.121881,2026-02-11,14:45:22,14,XAUUSD,SELL,100.0,unknown,5068.0,5072.0,5053.0,0,"GPT V3: VERY_HIGH accuracy, GOOD quality, lot 1.50x",unknown,5066.355,0,0,unknown,True,False,
2026-02-11T15:04:02.634422,2026-02-11,15:04:02,15,XAUUSD,SELL,100.0,unknown,5081.49,5085.49,5066.49,0,"GPT V3: VERY_HIGH accuracy, GOOD quality, lot 1.50x",unknown,5081.6900000000005,0,0,unknown,True,False,
2026-02-11T15:21:16.802011,2026-02-11,15:21:16,15,XAUUSD,SELL,100.0,unknown,5078.0,5082.0,5063.0,0,"GPT V3: VERY_HIGH accuracy, GOOD quality, lot 1.50x",unknown,5078.34,0,0,unknown,True,False,
2026-02-11T15:52:14.671420,2026-02-11,15:52:14,15,XAUUSD,SELL,100.0,unknown,5060.84,5064.84,5045.84,0,"GPT V3: VERY_HIGH accuracy, GOOD quality, lot 1.50x",unknown,5061.04,0,0,unknown,True,False,
2026-02-11T16:07:12.156685,2026-02-11,16:07:12,16,XAUUSD,SELL,100.0,unknown,5076.0,5080.0,5061.0,0,"GPT V3: VERY_HIGH accuracy, GOOD quality, lot 1.50x",unknown,5075.74,0,0,unknown,True,False,
2026-02-11T16:26:44.292847,2026-02-11,16:26:44,16,XAUUSD,SELL,100.0,unknown,5069.0,5073.0,5054.0,0,"GPT V3: VERY_HIGH accuracy, GOOD quality, lot 1.50x",unknown,5068.655000000001,0,0,unknown,True,False,
2026-02-11T16:46:47.364604,2026-02-11,16:46:47,16,XAUUSD,SELL,100.0,unknown,5044.0,5048.0,5029.0,0,"GPT V3: VERY_HIGH accuracy, GOOD quality, lot 1.50x",unknown,5043.959999999999,0,0,unknown,True,False,
2026-02-11T17:00:52.247426,2026-02-11,17:00:52,17,XAUUSD,SELL,100.0,unknown,5059.91,5063.91,5044.91,0,"GPT V3: VERY_HIGH accuracy, GOOD quality, lot 1.50x",unknown,5055.280000000001,0,0,unknown,True,False,
2026-02-11T17:02:24.031003,2026-02-11,17:02:24,17,XAUUSD,SELL,100.0,unknown,5056.0,5060.0,5041.0,0,"GPT V3: VERY_HIGH accuracy, GOOD quality, lot 1.50x",unknown,5055.95,0,0,unknown,True,False,
2026-02-11T17:16:10.301922,2026-02-11,17:16:10,17,XAUUSD,SELL,100.0,unknown,5070.0,5074.0,5055.0,0,"GPT V3: VERY_HIGH accuracy, GOOD quality, lot 1.50x",unknown,5069.875,0,0,unknown,True,False,
2026-02-11T17:18:58.669328,2026-02-11,17:18:58,17,XAUUSD,SELL,100.0,unknown,5066.0,5070.0,5051.0,0,"GPT V3: VERY_HIGH accuracy, GOOD quality, lot 1.50x",unknown,5066.37,0,0,unknown,True,False,
2026-02-11T17:37:25.653381,2026-02-11,17:37:25,17,XAUUSD,SELL,100.0,unknown,5045.0,5049.0,5030.0,0,"GPT V3: VERY_HIGH accuracy, GOOD quality, lot 1.50x",unknown,5044.97,0,0,unknown,True,False,
2026-02-11T17:52:40.023854,2026-02-11,17:52:40,17,XAUUSD,SELL,100.0,unknown,5055.54,5059.54,5040.54,0,"GPT V3: VERY_HIGH accuracy, GOOD quality, lot 1.50x",unknown,5054.83,0,0,unknown,True,False,
2026-02-11T18:07:43.743327,2026-02-11,18:07:43,18,XAUUSD,SELL,100.0,unknown,5056.19,5060.19,5041.19,0,"GPT V3: VERY_HIGH accuracy, GOOD quality, lot 1.50x",unknown,5056.33,0,0,unknown,True,False,
2026-02-11T18:25:12.939253,2026-02-11,18:25:12,18,XAUUSD,SELL,100.0,unknown,5057.93,5061.93,5042.93,0,"GPT V3: VERY_HIGH accuracy, GOOD quality, lot 1.50x",unknown,5057.66,0,0,unknown,True,False,
2026-02-11T18:40:14.016985,2026-02-11,18:40:14,18,XAUUSD,BUY,100.0,unknown,5076.09,5072.09,5091.09,0,"GPT V3: VERY_HIGH accuracy, GOOD quality, lot 1.50x",unknown,5076.08,0,0,unknown,True,False,
2026-02-11T19:18:35.835358,2026-02-11,19:18:35,19,XAUUSD,SELL,100.0,unknown,5087.0,5091.0,5072.0,0,"GPT V3: VERY_HIGH accuracy, GOOD quality, lot 1.50x",unknown,5086.695,0,0,unknown,True,False,
2026-02-11T19:34:51.450023,2026-02-11,19:34:51,19,XAUUSD,BUY,100.0,unknown,5083.4,5079.4,5098.4,0,"GPT V3: VERY_HIGH accuracy, GOOD quality, lot 1.50x",unknown,5083.245000000001,0,0,unknown,True,False,
2026-02-11T19:49:53.026078,2026-02-11,19:49:53,19,XAUUSD,BUY,100.0,unknown,5089.28,5085.28,5104.28,0,"GPT V3: VERY_HIGH accuracy, GOOD quality, lot 1.50x",unknown,5089.235000000001,0,0,unknown,True,False,
2026-02-11T19:54:42.147482,2026-02-11,19:54:42,19,XAUUSD,BUY,100.0,unknown,5090.7,5086.7,5105.7,0,"GPT V3: VERY_HIGH accuracy, GOOD quality, lot 1.50x",unknown,5090.745,0,0,unknown,True,False,
2026-02-11T20:07:01.390577,2026-02-11,20:07:01,20,XAUUSD,SELL,100.0,unknown,5085.0,5089.0,5070.0,0,"GPT V3: VERY_HIGH accuracy, GOOD quality, lot 1.50x",unknown,5083.9349999999995,0,0,unknown,True,False,
2026-02-11T20:27:58.628305,2026-02-11,20:27:58,20,XAUUSD,SELL,100.0,unknown,5071.15,5075.15,5056.15,0,"GPT V3: VERY_HIGH accuracy, GOOD quality, lot 1.50x",unknown,5071.15,0,0,unknown,True,False,
2026-02-11T20:42:57.020416,2026-02-11,20:42:57,20,XAUUSD,BUY,100.0,unknown,5083.02,5079.02,5098.02,0,"GPT V3: VERY_HIGH accuracy, GOOD quality, lot 1.50x",unknown,5083.395,0,0,unknown,True,False,
2026-02-11T21:06:25.877674,2026-02-11,21:06:25,21,XAUUSD,BUY,100.0,unknown,5084.88,5080.88,5099.88,0,"GPT V3: VERY_HIGH accuracy, GOOD quality, lot 1.50x",unknown,5084.965,0,0,unknown,True,False,
2026-02-11T21:29:59.671428,2026-02-11,21:29:59,21,XAUUSD,BUY,100.0,unknown,5091.67,5087.67,5106.67,0,"GPT V3: VERY_HIGH accuracy, GOOD quality, lot 1.50x",unknown,5091.58,0,0,unknown,True,False,
2026-02-11T21:44:58.438333,2026-02-11,21:44:58,21,XAUUSD,SELL,100.0,unknown,5084.69,5088.69,5069.69,0,"GPT V3: VERY_HIGH accuracy, GOOD quality, lot 1.50x",unknown,5084.719999999999,0,0,unknown,True,False,
2026-02-11T22:01:37.516404,2026-02-11,22:01:37,22,XAUUSD,SELL,100.0,unknown,5083.0,5087.0,5068.0,0,"GPT V3: VERY_HIGH accuracy, GOOD quality, lot 1.50x",unknown,5083.46,0,0,unknown,True,False,
2026-02-11T22:16:35.273067,2026-02-11,22:16:35,22,XAUUSD,BUY,100.0,unknown,5087.68,5083.68,5102.68,0,"GPT V3: VERY_HIGH accuracy, GOOD quality, lot 1.50x",unknown,5087.67,0,0,unknown,True,False,
