trade_id,open_time,close_time,duration_minutes,symbol,direction,volume,entry_price,exit_price,sl,tp,pnl,pnl_pips,win,open_hour,open_day_of_week,session,open_atr,open_rsi,open_ema_trend,ai_confidence,ai_reasoning,close_reason
6611768193,,,0.0,XAUUSD,BUY,0.01,0,5018.0,0,0,-8.88,0,0,23,Tuesday,,0,0,,0,,unknown
6612671547,,,0.0,XAUUSD,SELL,0.01,0,5033.29,0,0,5.74,0,1,1,Wednesday,,0,0,,0,,unknown
6613039732,,,0.0,XAUUSD,SELL,0.01,0,5034.87,0,0,4.06,0,1,1,Wednesday,,0,0,,0,,unknown
6613667880,,,0.0,XAUUSD,BUY,0.01,0,5023.41,0,0,4.67,0,1,2,Wednesday,,0,0,,0,,unknown
6614006734,,,0.0,XAUUSD,SELL,0.01,0,5041.37,0,0,6.61,0,1,3,Wednesday,,0,0,,0,,unknown
6614269889,,,0.0,XAUUSD,SELL,0.01,0,5039.94,0,0,-7.9,0,0,3,Wednesday,,0,0,,0,,unknown
6614579995,,,0.0,XAUUSD,SELL,0.01,0,5033.57,0,0,-8.65,0,0,4,Wednesday,,0,0,,0,,unknown
6614849785,,,0.0,XAUUSD,BUY,0.01,0,5046.56,0,0,-7.73,0,0,4,Wednesday,,0,0,,0,,unknown
6614971856,,,0.0,XAUUSD,SELL,0.01,0,5036.76,0,0,-8.09,0,0,5,Wednesday,,0,0,,0,,unknown
6615130833,,,0.0,XAUUSD,BUY,0.01,0,5043.95,0,0,-8.1,0,0,5,Wednesday,,0,0,,0,,unknown
6615367833,,,0.0,XAUUSD,SELL,0.01,0,5036.18,0,0,-8.43,0,0,6,Wednesday,,0,0,,0,,unknown
6615558851,,,0.0,XAUUSD,BUY,0.01,0,5045.49,0,0,-10.64,0,0,6,Wednesday,,0,0,,0,,unknown
6615904174,,,0.0,XAUUSD,SELL,0.01,0,5042.3,0,0,-8.13,0,0,6,Wednesday,,0,0,,0,,unknown
6616030371,,,0.0,XAUUSD,BUY,0.01,0,5035.14,0,0,4.29,0,1,6,Wednesday,,0,0,,0,,unknown
6616322575,,,0.0,XAUUSD,BUY,0.01,0,5051.93,0,0,-7.98,0,0,6,Wednesday,,0,0,,0,,unknown
6616732817,,,0.0,XAUUSD,SELL,0.01,0,5046.12,0,0,-8.38,0,0,7,Wednesday,,0,0,,0,,unknown
6617765884,,,0.0,XAUUSD,SELL,0.01,0,5051.29,0,0,-8.11,0,0,8,Wednesday,,0,0,,0,,unknown
6618277008,,,0.0,XAUUSD,BUY,0.01,0,5053.0,0,0,-7.66,0,0,9,Wednesday,,0,0,,0,,unknown
6618757432,,,0.0,XAUUSD,BUY,0.01,0,5047.89,0,0,15.93,0,1,10,Wednesday,,0,0,,0,,unknown
6619085174,,,0.0,XAUUSD,BUY,0.01,0,5056.76,0,0,-8.34,0,0,10,Wednesday,,0,0,,0,,unknown
6619995224,,,0.0,XAUUSD,BUY,0.01,0,5064.0,0,0,-7.58,0,0,11,Wednesday,,0,0,,0,,unknown
6620418348,,,0.0,XAUUSD,SELL,0.01,0,5063.59,0,0,4.65,0,1,11,Wednesday,,0,0,,0,,unknown
6620946280,,,0.0,XAUUSD,SELL,0.01,0,5055.61,0,0,-4.86,0,0,11,Wednesday,,0,0,,0,,unknown
6621093499,,,0.0,XAUUSD,BUY,0.01,0,5051.3,0,0,2.88,0,1,11,Wednesday,,0,0,,0,,unknown
6621131354,,,0.0,XAUUSD,SELL,0.01,0,5053.23,0,0,1.13,0,1,12,Wednesday,,0,0,,0,,unknown
6621147782,,,0.0,XAUUSD,BUY,0.01,0,5055.1,0,0,-2.45,0,0,12,Wednesday,,0,0,,0,,unknown
6621326400,,,0.0,XAUUSD,SELL,0.01,0,5057.3,0,0,3.76,0,1,12,Wednesday,,0,0,,0,,unknown
6621503330,,,0.0,XAUUSD,BUY,0.01,0,5054.92,0,0,2.28,0,1,12,Wednesday,,0,0,,0,,unknown
6621711160,,,0.0,XAUUSD,BUY,0.01,0,5055.0,0,0,-3.62,0,0,12,Wednesday,,0,0,,0,,unknown
6621819934,,,0.0,XAUUSD,BUY,0.01,0,5053.41,0,0,0.71,0,1,12,Wednesday,,0,0,,0,,unknown
6622387604,,,0.0,XAUUSD,BUY,0.01,0,5056.0,0,0,-3.72,0,0,13,Wednesday,,0,0,,0,,unknown
6622979030,,,0.0,XAUUSD,BUY,0.01,0,5058.73,0,0,-4.13,0,0,13,Wednesday,,0,0,,0,,unknown
6623427399,,,0.0,XAUUSD,SELL,0.01,0,5065.48,0,0,-3.77,0,0,13,Wednesday,,0,0,,0,,unknown
6623902309,,,0.0,XAUUSD,BUY,0.01,0,5069.0,0,0,-4.87,0,0,14,Wednesday,,0,0,,0,,unknown
6624386604,,,0.0,XAUUSD,SELL,0.01,0,5070.5,0,0,1.0,0,1,14,Wednesday,,0,0,,0,,unknown
6624764812,,,0.0,XAUUSD,SELL,0.01,0,5091.06,0,0,8.26,0,1,14,Wednesday,,0,0,,0,,unknown
6625438072,,,0.0,XAUUSD,BUY,0.01,0,5082.85,0,0,9.54,0,1,15,Wednesday,,0,0,,0,,unknown
6625728520,,,0.0,XAUUSD,BUY,0.01,0,5093.47,0,0,-3.91,0,0,15,Wednesday,,0,0,,0,,unknown
6625897853,,,0.0,XAUUSD,BUY,0.01,0,5099.0,0,0,-3.66,0,0,15,Wednesday,,0,0,,0,,unknown
6626390569,,,0.0,XAUUSD,SELL,0.01,0,5105.53,0,0,0.93,0,1,15,Wednesday,,0,0,,0,,unknown
6626966889,,,0.0,XAUUSD,BUY,0.01,0,5111.68,0,0,3.06,0,1,16,Wednesday,,0,0,,0,,unknown
6627394840,,,0.0,XAUUSD,SELL,0.01,0,5103.16,0,0,1.2,0,1,16,Wednesday,,0,0,,0,,unknown
6627432822,,,0.0,XAUUSD,BUY,0.01,0,5106.94,0,0,-4.4,0,0,16,Wednesday,,0,0,,0,,unknown
6627900836,,,0.0,XAUUSD,BUY,0.01,0,5094.56,0,0,3.55,0,1,16,Wednesday,,0,0,,0,,unknown
6628631105,,,0.0,XAUUSD,BUY,0.01,0,5072.0,0,0,-5.71,0,0,16,Wednesday,,0,0,,0,,unknown
6629309864,,,0.0,XAUUSD,BUY,0.01,0,5085.49,0,0,-4.35,0,0,17,Wednesday,,0,0,,0,,unknown
6629859064,,,0.0,XAUUSD,BUY,0.01,0,5082.0,0,0,-3.68,0,0,17,Wednesday,,0,0,,0,,unknown
6631624709,,,0.0,XAUUSD,BUY,0.01,0,5064.84,0,0,-3.89,0,0,18,Wednesday,,0,0,,0,,unknown
6632299766,,,0.0,XAUUSD,BUY,0.01,0,5074.5,0,0,1.21,0,1,18,Wednesday,,0,0,,0,,unknown
6632927449,,,0.0,XAUUSD,BUY,0.01,0,5073.0,0,0,-4.37,0,0,18,Wednesday,,0,0,,0,,unknown
6633705331,,,0.0,XAUUSD,BUY,0.01,0,5048.0,0,0,-3.78,0,0,18,Wednesday,,0,0,,0,,unknown
6634239837,,,0.0,XAUUSD,BUY,0.01,0,5057.06,0,0,-2.04,0,0,19,Wednesday,,0,0,,0,,unknown
6634332274,,,0.0,XAUUSD,BUY,0.01,0,5060.0,0,0,-5.18,0,0,19,Wednesday,,0,0,,0,,unknown
6634862770,,,0.0,XAUUSD,BUY,0.01,0,5067.01,0,0,3.02,0,1,19,Wednesday,,0,0,,0,,unknown
6634964987,,,0.0,XAUUSD,BUY,0.01,0,5064.78,0,0,0.08,0,1,19,Wednesday,,0,0,,0,,unknown
6635619317,,,0.0,XAUUSD,BUY,0.01,0,5042.9,0,0,1.98,0,1,19,Wednesday,,0,0,,0,,unknown
6636149339,,,0.0,XAUUSD,BUY,0.01,0,5059.54,0,0,-4.8,0,0,20,Wednesday,,0,0,,0,,unknown
6636664519,,,0.0,XAUUSD,BUY,0.01,0,5054.57,0,0,1.7,0,1,20,Wednesday,,0,0,,0,,unknown
6637222111,,,0.0,XAUUSD,BUY,0.01,0,5061.93,0,0,-4.36,0,0,20,Wednesday,,0,0,,0,,unknown
6637774653,,,0.0,XAUUSD,SELL,0.01,0,5072.09,0,0,-4.05,0,0,20,Wednesday,,0,0,,0,,unknown
6638623326,,,0.0,XAUUSD,BUY,0.01,0,5083.66,0,0,2.95,0,1,21,Wednesday,,0,0,,0,,unknown
6639088267,,,0.0,XAUUSD,SELL,0.01,0,5084.57,0,0,1.23,0,1,21,Wednesday,,0,0,,0,,unknown
6639428145,,,0.0,XAUUSD,SELL,0.01,0,5091.47,0,0,2.19,0,1,22,Wednesday,,0,0,,0,,unknown
6639638119,,,0.0,XAUUSD,SELL,0.01,0,5086.7,0,0,-4.09,0,0,22,Wednesday,,0,0,,0,,unknown
6639942397,,,0.0,XAUUSD,BUY,0.01,0,5075.0,0,0,8.84,0,1,22,Wednesday,,0,0,,0,,unknown
55034214450,,,8.333333333333334e-08,XAUUSD,BUY,0.01,0,4988.47,0,0,-0.43,0,0,21,Monday,,0,0,,0,,unknown
55035572288,,,5.0000000000000004e-08,EURUSD,BUY,0.01,0,1.1850100000000001,0,0,-0.03,0,0,23,Monday,,0,0,,0,,unknown
55035572430,,,3.3333333333333334e-08,XAUUSD,SELL,0.01,0,4993.01,0,0,-0.39,0,0,23,Monday,,0,0,,0,,unknown
55036192561,,,5.0000000000000004e-08,EURUSD,SELL,0.08,0,1.18541,0,0,1.04,0,1,1,Tuesday,,0,0,,0,,unknown
55036195558,,,6.666666666666667e-08,EURUSD,SELL,0.08,0,1.18541,0,0,0.0,0,0,1,Tuesday,,0,0,,0,,unknown
55036209285,,,5.0000000000000004e-08,EURUSD,SELL,0.08,0,1.18526,0,0,-0.24,0,0,1,Tuesday,,0,0,,0,,unknown
55042979839,,,6.666666666666667e-08,EURUSD,BUY,0.08,0,1.18334,0,0,12.0,0,1,19,Tuesday,,0,0,,0,,unknown
55043104315,,,5.0000000000000004e-08,XAUUSD,BUY,0.01,0,4918.87,0,0,1.34,0,1,19,Tuesday,,0,0,,0,,unknown
55043319224,,,6.666666666666667e-08,XAUUSD,SELL,0.01,0,4919.43,0,0,2.87,0,1,19,Tuesday,,0,0,,0,,unknown
55043551627,,,6.666666666666667e-08,XAUUSD,SELL,0.01,0,4919.75,0,0,-5.1,0,0,19,Tuesday,,0,0,,0,,unknown
55043667131,,,5.0000000000000004e-08,XAUUSD,SELL,0.01,0,4926.61,0,0,2.72,0,1,19,Tuesday,,0,0,,0,,unknown
55043739992,,,6.666666666666667e-08,EURUSD,BUY,0.05,0,1.18337,0,0,-1.25,0,0,19,Tuesday,,0,0,,0,,unknown
55057348950,,,6.666666666666667e-08,XAUUSD,BUY,0.01,0,4858.54,0,0,1.87,0,1,21,Tuesday,,0,0,,0,,unknown
55060330329,,,5.0000000000000004e-08,XAUUSD,BUY,0.01,0,4878.35,0,0,4.44,0,1,9,Wednesday,,0,0,,0,,unknown
