instrument,entry_time,exit_time,direction,entry_price,exit_price,sl,tp,lot_size,pnl,exit_reason,balance
EURUSD,2024-01-02 09:30:00,2024-01-02 10:00:00,SELL,1.10286,1.10324,1.10286,1.1012902857142859,0.01,-0.38000000000004697,SL,99.61999999999995
EURUSD,2024-01-03 03:00:00,2024-01-03 03:30:00,BUY,1.09512,1.09543,1.0947542857142856,1.0954014285714289,0.02,0.6199999999996209,TP,100.23999999999957
EURUSD,2024-01-03 04:15:00,2024-01-03 04:45:00,BUY,1.09502,1.09522,1.0947517142857142,1.0951065714285717,0.04,0.7999999999999119,TP,101.03999999999948
EURUSD,2024-01-05 03:45:00,2024-01-05 04:30:00,BUY,1.09531,1.09487,1.0950297142857144,1.095420571428571,0.04,-1.7599999999999838,SL,99.27999999999949
XAUUSD,2024-01-05 08:00:00,2024-01-05 09:00:00,SELL,2044.21,2045.13,2044.21,2040.6664285714285,0.01,-0.9900000000000728,SL,98.28999999999942
EURUSD,2024-01-09 19:30:00,2024-01-09 20:15:00,SELL,1.09353,1.09281,1.0940957142857142,1.0928485714285716,0.01,0.7199999999998319,TP,99.00999999999925
XAUUSD,2024-01-10 03:00:00,2024-01-10 03:45:00,BUY,2028.32,2031.75,2028.32,2031.5914285714284,0.01,3.360000000000064,TP,102.36999999999932
EURUSD,2024-01-10 03:15:00,2024-01-10 05:15:00,BUY,1.09298,1.09345,1.0925324285714286,1.0934251428571427,0.02,0.9399999999999409,TP,103.30999999999926
XAUUSD,2024-01-10 04:30:00,2024-01-10 07:30:00,BUY,2030.93,2028.09,2028.2817857142857,2035.6264285714287,0.01,-2.9100000000001454,SL,100.39999999999912
EURUSD,2024-01-10 09:15:00,2024-01-10 09:30:00,SELL,1.09316,1.09398,1.093424857142857,1.0930802857142858,0.04,-3.2800000000001717,SL,97.11999999999895
EURUSD,2024-01-10 10:00:00,2024-01-10 10:45:00,BUY,1.0932300000000001,1.09434,1.0932300000000001,1.0942900000000004,0.01,1.1099999999999444,TP,98.2299999999989
EURUSD,2024-01-10 15:15:00,2024-01-10 17:30:00,SELL,1.09449,1.09635,1.095326,1.0932680000000001,0.01,-1.8599999999999728,SL,96.36999999999892
XAUUSD,2024-01-11 01:00:00,2024-01-11 06:00:00,BUY,2026.03,2031.8,2026.03,2031.405714285714,0.01,5.6999999999999815,TP,102.06999999999891
EURUSD,2024-01-15 09:00:00,2024-01-15 09:30:00,SELL,1.0962699999999999,1.09582,1.0966825714285713,1.0958948571428573,0.02,0.8999999999996788,TP,102.96999999999859
EURUSD,2024-01-15 10:00:00,2024-01-15 11:15:00,SELL,1.0961299999999998,1.09539,1.0961299999999998,1.095397714285714,0.01,0.7399999999997408,TP,103.70999999999833
EURUSD,2024-01-15 20:00:00,2024-01-16 01:45:00,BUY,1.09504,1.09449,1.094550857142857,1.0955682857142857,0.02,-1.100000000000101,SL,102.60999999999822
XAUUSD,2024-01-15 19:00:00,2024-01-16 02:45:00,BUY,2054.4199999999996,2051.34,2051.6507142857145,2059.3585714285705,0.01,-3.1499999999994723,SL,99.45999999999876
EURUSD,2024-01-17 09:45:00,2024-01-17 10:00:00,SELL,1.08686,1.08788,1.0873871428571429,1.0862557142857143,0.01,-1.020000000000021,SL,98.43999999999873
EURUSD,2024-01-22 09:00:00,2024-01-22 10:00:00,SELL,1.0901999999999998,1.08944,1.0907997142857142,1.0894505714285714,0.01,0.7599999999998719,TP,99.19999999999861
EURUSD,2024-01-23 03:15:00,2024-01-23 03:45:00,BUY,1.08806,1.08883,1.0876015714285714,1.088526857142857,0.02,1.539999999999875,TP,100.73999999999849
XAUUSD,2024-01-23 05:00:00,2024-01-23 05:45:00,BUY,2022.04,2027.34,2022.04,2026.0592857142858,0.01,5.229999999999954,TP,105.96999999999844
EURUSD,2024-01-23 04:45:00,2024-01-23 06:00:00,BUY,1.08888,1.08953,1.088395142857143,1.089399714285714,0.02,1.300000000000079,TP,107.26999999999852
XAUUSD,2024-01-23 09:15:00,2024-01-23 12:30:00,BUY,2029.79,2026.0,2026.1957142857143,2036.3785714285711,0.01,-3.8599999999999635,SL,103.40999999999856
XAUUSD,2024-01-23 21:00:00,2024-01-24 07:15:00,BUY,2027.16,2023.43,2023.7317857142857,2033.4164285714287,0.01,-3.800000000000018,SL,99.60999999999855
XAUUSD,2024-01-24 16:00:00,2024-01-24 16:45:00,SELL,2032.5,2024.53,2036.5153571428573,2025.0692857142856,0.01,7.900000000000027,TP,107.50999999999857
XAUUSD,2024-01-25 10:00:00,2024-01-25 11:30:00,SELL,2014.05,2016.71,2016.3885714285716,2009.9728571428568,0.01,-2.7300000000000817,SL,104.7799999999985
EURUSD,2024-01-25 15:00:00,2024-01-25 15:45:00,SELL,1.08917,1.0879,1.0896381428571429,1.0886837142857144,0.02,2.5399999999997647,TP,107.31999999999826
XAUUSD,2024-01-25 22:00:00,2024-01-26 15:45:00,BUY,2017.78,2024.55,2017.78,2024.4607142857144,0.01,6.6999999999999815,TP,114.01999999999825
EURUSD,2024-01-30 06:00:00,2024-01-30 07:30:00,SELL,1.08314,1.08246,1.08314,1.0824780000000003,0.01,0.6800000000000139,TP,114.69999999999825
EURUSD,2024-01-31 12:00:00,2024-01-31 13:15:00,BUY,1.08277,1.08394,1.0820079999999999,1.083844,0.01,1.1699999999998933,TP,115.86999999999814
XAUUSD,2024-02-01 04:00:00,2024-02-01 08:15:00,BUY,2046.1100000000001,2043.28,2043.455357142857,2050.819285714286,0.01,-2.9000000000001545,SL,112.969999999998
XAUUSD,2024-02-02 10:00:00,2024-02-02 15:30:00,SELL,2056.32,2038.62,2056.32,2052.1528571428576,0.01,17.630000000000273,TP,130.59999999999826
EURUSD,2024-02-02 12:30:00,2024-02-02 15:30:00,BUY,1.0883200000000002,1.08277,1.0874527142857142,1.0896045714285718,0.01,-5.550000000000166,SL,125.0499999999981
EURUSD,2024-02-05 07:00:00,2024-02-05 07:45:00,BUY,1.0777700000000001,1.07819,1.077442,1.077976,0.04,1.6799999999994597,TP,126.72999999999755
EURUSD,2024-02-05 10:00:00,2024-02-05 10:15:00,SELL,1.07829,1.07729,1.0785834285714286,1.078153142857143,0.04,3.9999999999995595,TP,130.72999999999712
EURUSD,2024-02-06 10:00:00,2024-02-06 11:00:00,SELL,1.07554,1.07439,1.07554,1.0745980000000002,0.01,1.1499999999999844,TP,131.8799999999971
EURUSD,2024-02-06 18:00:00,2024-02-06 18:30:00,BUY,1.0743,1.07527,1.0737415714285714,1.074966857142857,0.02,1.9399999999998307,TP,133.81999999999692
XAUUSD,2024-02-07 07:15:00,2024-02-07 09:15:00,SELL,2034.79,2035.85,2034.79,2032.4614285714285,0.01,-1.1299999999999455,SL,132.68999999999699
EURUSD,2024-02-07 11:00:00,2024-02-07 11:30:00,BUY,1.0763500000000001,1.07679,1.075933,1.076734,0.02,0.8799999999995478,TP,133.56999999999653
XAUUSD,2024-02-07 15:00:00,2024-02-07 16:30:00,BUY,2032.96,2040.44,2032.96,2037.242857142857,0.01,7.410000000000018,TP,140.97999999999655
EURUSD,2024-02-07 17:15:00,2024-02-07 17:45:00,SELL,1.0772199999999998,1.07565,1.0779255714285714,1.076258857142857,0.01,1.5699999999998493,TP,142.5499999999964
XAUUSD,2024-02-08 01:00:00,2024-02-08 04:45:00,BUY,2036.24,2036.07,2036.24,2039.4514285714286,0.01,-0.24000000000007277,SL,142.30999999999634
XAUUSD,2024-02-08 04:45:00,2024-02-08 05:15:00,BUY,2036.27,2034.22,2034.4199999999998,2039.3700000000001,0.01,-2.1199999999999544,SL,140.1899999999964
EURUSD,2024-02-08 10:00:00,2024-02-08 11:30:00,SELL,1.0780299999999998,1.07829,1.0780299999999998,1.0768971428571426,0.01,-0.260000000000149,SL,139.92999999999623
XAUUSD,2024-02-12 08:00:00,2024-02-12 10:45:00,BUY,2024.14,2023.55,2024.14,2026.5692857142858,0.01,-0.6600000000001456,SL,139.2699999999961
XAUUSD,2024-02-12 15:00:00,2024-02-12 15:30:00,SELL,2026.1699999999998,2022.16,2026.1699999999998,2022.7764285714284,0.01,3.9399999999997637,TP,143.20999999999586
EURUSD,2024-02-13 15:15:00,2024-02-13 15:30:00,SELL,1.0791,1.07173,1.0795377142857143,1.0786745714285715,0.02,14.739999999999755,TP,157.9499999999956
EURUSD,2024-02-14 03:00:00,2024-02-14 03:30:00,BUY,1.0707600000000002,1.07097,1.0705294285714284,1.0707711428571434,0.1,2.0999999999982144,TP,160.04999999999382
XAUUSD,2024-02-16 01:00:00,2024-02-16 12:30:00,SELL,2004.3899999999999,2007.1,2006.5014285714285,2000.7671428571427,0.01,-2.780000000000036,SL,157.2699999999938
XAUUSD,2024-02-19 12:00:00,2024-02-19 17:45:00,SELL,2019.62,2014.9,2019.62,2015.7464285714284,0.01,4.6499999999998,TP,161.9199999999936
EURUSD,2024-02-20 01:00:00,2024-02-20 02:30:00,SELL,1.07751,1.07692,1.0779412857142856,1.077097428571429,0.03,1.7699999999996052,TP,163.6899999999932
XAUUSD,2024-02-20 21:00:00,2024-02-21 04:15:00,SELL,2026.94,2027.56,2026.94,2022.1042857142859,0.01,-0.6899999999998909,SL,162.99999999999332
EURUSD,2024-02-22 14:00:00,2024-02-22 14:30:00,SELL,1.0853599999999999,1.08448,1.0859347142857143,1.0846605714285713,0.02,1.7599999999995397,TP,164.75999999999286
XAUUSD,2024-02-23 07:00:00,2024-02-23 07:45:00,SELL,2025.3899999999999,2022.36,2025.3899999999999,2022.3907142857145,0.01,2.959999999999973,TP,167.71999999999284
EURUSD,2024-02-29 03:15:00,2024-02-29 03:45:00,SELL,1.0837299999999999,1.08288,1.08405,1.08354,0.05,4.249999999998977,TP,171.9699999999918
EURUSD,2024-02-29 09:00:00,2024-02-29 09:15:00,SELL,1.08348,1.08328,1.0837482857142857,1.0833934285714288,0.07,1.399999999999846,TP,173.36999999999165
EURUSD,2024-02-29 09:30:00,2024-02-29 10:00:00,SELL,1.08338,1.08403,1.08338,1.0828497142857145,0.03,-1.9500000000001185,SL,171.41999999999152
XAUUSD,2024-03-01 05:15:00,2024-03-01 07:00:00,BUY,2046.04,2044.41,2044.472857142857,2048.574285714286,0.01,-1.6999999999998818,SL,169.71999999999164
XAUUSD,2024-03-04 15:00:00,2024-03-04 15:45:00,BUY,2084.18,2091.53,2081.8039285714285,2088.332142857143,0.01,7.2800000000003635,TP,176.999999999992
EURUSD,2024-03-04 16:00:00,2024-03-04 17:15:00,BUY,1.08474,1.086,1.08474,1.085974571428571,0.01,1.2600000000000389,TP,178.25999999999206
EURUSD,2024-03-05 01:30:00,2024-03-05 03:45:00,SELL,1.08543,1.08493,1.085869857142857,1.0850002857142858,0.03,1.4999999999998348,TP,179.7599999999919
XAUUSD,2024-03-06 09:00:00,2024-03-06 10:15:00,BUY,2129.6899999999996,2127.47,2127.5935714285715,2133.2828571428563,0.01,-2.2899999999997998,SL,177.4699999999921
EURUSD,2024-03-06 21:30:00,2024-03-07 02:00:00,SELL,1.0894599999999999,1.09058,1.089933,1.0889639999999998,0.03,-3.3600000000006958,SL,174.1099999999914
XAUUSD,2024-03-08 08:00:00,2024-03-08 10:00:00,BUY,2158.1299999999997,2163.72,2158.1299999999997,2162.901428571428,0.01,5.520000000000145,TP,179.62999999999155
XAUUSD,2024-03-11 09:00:00,2024-03-11 10:30:00,BUY,2178.56,2178.14,2178.56,2183.1085714285714,0.01,-0.49000000000007277,SL,179.1399999999915
EURUSD,2024-03-11 11:00:00,2024-03-11 11:45:00,SELL,1.09411,1.09346,1.0946414285714285,1.093497142857143,0.02,1.2999999999996348,TP,180.43999999999113
XAUUSD,2024-03-12 02:00:00,2024-03-12 04:45:00,SELL,2183.52,2178.99,2183.52,2179.003571428571,0.01,4.4600000000002,TP,184.89999999999134
EURUSD,2024-03-12 14:00:00,2024-03-12 14:30:00,SELL,1.0933499999999998,1.09394,1.0936325714285715,1.0932348571428567,0.07,-4.130000000000633,SL,180.76999999999072
XAUUSD,2024-03-13 10:15:00,2024-03-13 12:30:00,SELL,2158.88,2163.0,2161.302142857143,2154.635714285714,0.01,-4.189999999999891,SL,176.57999999999083
EURUSD,2024-03-14 14:30:00,2024-03-14 14:45:00,SELL,1.09402,1.09298,1.094395142857143,1.0937197142857142,0.04,4.1599999999997195,TP,180.73999999999054
EURUSD,2024-03-15 20:00:00,2024-03-15 21:00:00,BUY,1.08868,1.08907,1.0882610000000001,1.0890679999999997,0.03,1.1699999999996713,TP,181.90999999999022
XAUUSD,2024-03-19 07:00:00,2024-03-19 10:00:00,SELL,2159.2000000000003,2152.31,2159.2000000000003,2154.765,0.01,6.820000000000327,TP,188.72999999999055
EURUSD,2024-03-21 07:00:00,2024-03-21 07:45:00,SELL,1.09333,1.09316,1.0936201428571428,1.0931997142857144,0.07,1.1900000000000246,TP,189.91999999999058
EURUSD,2024-03-21 09:15:00,2024-03-21 10:00:00,SELL,1.09358,1.09203,1.094315857142857,1.0925582857142861,0.02,3.0999999999998806,TP,193.01999999999046
XAUUSD,2024-03-21 10:00:00,2024-03-21 11:15:00,SELL,2204.3100000000004,2204.69,2204.3100000000004,2197.284285714286,0.01,-0.4499999999996544,SL,192.5699999999908
XAUUSD,2024-03-22 02:00:00,2024-03-22 02:30:00,BUY,2182.74,2185.49,2181.1085714285714,2185.402857142857,0.01,2.68,TP,195.24999999999082
XAUUSD,2024-03-25 13:30:00,2024-03-25 15:30:00,BUY,2170.79,2178.47,2170.79,2177.4278571428576,0.01,7.609999999999836,TP,202.85999999999066
EURUSD,2024-03-26 02:00:00,2024-03-26 02:30:00,BUY,1.0838400000000001,1.08399,1.0835938571428572,1.0838822857142858,0.11,1.649999999998597,TP,204.50999999998925
XAUUSD,2024-03-25 19:15:00,2024-03-26 10:15:00,SELL,2175.4300000000003,2177.1,2175.4300000000003,2169.1735714285714,0.01,-1.739999999999618,SL,202.76999999998964
EURUSD,2024-03-27 08:15:00,2024-03-27 08:45:00,BUY,1.08277,1.08322,1.082484,1.0828919999999997,0.07,3.1500000000004307,TP,205.91999999999007
EURUSD,2024-03-27 13:00:00,2024-03-27 13:45:00,SELL,1.08304,1.08209,1.0835655714285715,1.0824388571428574,0.03,2.850000000000019,TP,208.7699999999901
EURUSD,2024-03-27 21:00:00,2024-03-27 22:00:00,BUY,1.08227,1.08276,1.081823,1.082714,0.04,1.9599999999995177,TP,210.72999999998962
XAUUSD,2024-04-01 10:15:00,2024-04-01 12:15:00,SELL,2261.54,2252.91,2261.54,2254.5378571428564,0.01,8.560000000000109,TP,219.28999999998973
EURUSD,2024-04-02 10:00:00,2024-04-02 11:15:00,BUY,1.0731700000000002,1.07273,1.0731700000000002,1.074268285714286,0.02,-0.880000000000436,SL,218.40999999998928
EURUSD,2024-04-05 03:15:00,2024-04-05 03:45:00,BUY,1.0838,1.08415,1.0835165714285715,1.083916857142857,0.08,2.7999999999988034,TP,221.2099999999881
EURUSD,2024-04-08 01:30:00,2024-04-08 02:00:00,SELL,1.08273,1.08323,1.0829704285714286,1.082699142857143,0.12,-5.999999999999339,SL,215.20999999998875
EURUSD,2024-04-08 02:15:00,2024-04-08 03:00:00,SELL,1.0829499999999999,1.08232,1.0833591428571427,1.0825817142857144,0.04,2.5199999999996336,TP,217.7299999999884
EURUSD,2024-04-08 11:00:00,2024-04-08 11:15:00,SELL,1.0833,1.08282,1.0836904285714286,1.0829691428571429,0.05,2.4000000000001798,TP,220.12999999998857
EURUSD,2024-04-08 15:00:00,2024-04-08 15:45:00,BUY,1.0826500000000001,1.08342,1.082244,1.083012,0.04,3.07999999999975,TP,223.20999999998833
XAUUSD,2024-04-08 15:00:00,2024-04-08 17:00:00,SELL,2334.9300000000003,2320.18,2334.9300000000003,2325.568571428572,0.01,14.680000000000454,TP,237.8899999999888
XAUUSD,2024-04-08 20:15:00,2024-04-09 08:30:00,BUY,2332.33,2346.63,2332.33,2346.0435714285713,0.01,14.230000000000182,TP,252.11999999998898
EURUSD,2024-04-09 10:00:00,2024-04-09 12:15:00,SELL,1.0856999999999999,1.08639,1.0863097142857143,1.0849305714285713,0.03,-2.0700000000002383,SL,250.04999999998873
EURUSD,2024-04-09 17:00:00,2024-04-09 17:15:00,SELL,1.0878899999999998,1.08699,1.0883524285714288,1.0874151428571421,0.04,3.5999999999996035,TP,253.64999999998832
XAUUSD,2024-04-15 11:15:00,2024-04-15 13:45:00,SELL,2349.54,2356.73,2356.0014285714283,2337.217142857143,0.01,-7.260000000000055,SL,246.38999999998828
XAUUSD,2024-04-16 09:15:00,2024-04-16 09:30:00,SELL,2381.1200000000003,2370.15,2385.666785714286,2372.6264285714283,0.01,10.900000000000254,TP,257.28999999998854
XAUUSD,2024-04-16 17:00:00,2024-04-16 18:45:00,BUY,2370.1699999999996,2385.97,2370.1699999999996,2385.8871428571424,0.01,15.730000000000182,TP,273.0199999999887
EURUSD,2024-04-18 12:00:00,2024-04-18 12:30:00,SELL,1.06765,1.06723,1.068081,1.0672380000000001,0.05,2.100000000000435,TP,275.11999999998915
EURUSD,2024-04-19 06:30:00,2024-04-19 09:30:00,SELL,1.0633899999999998,1.06415,1.0639781428571429,1.062663714285714,0.03,-2.280000000000282,SL,272.8399999999889
EURUSD,2024-04-22 10:00:00,2024-04-22 11:00:00,SELL,1.06628,1.06519,1.06628,1.0653282857142856,0.02,2.1799999999996267,TP,275.0199999999885
XAUUSD,2024-04-23 02:00:00,2024-04-23 04:30:00,BUY,2328.9399999999996,2305.61,2328.9399999999996,2336.426428571428,0.01,-23.399999999999473,SL,251.61999999998903
XAUUSD,2024-04-23 15:00:00,2024-04-23 16:45:00,BUY,2305.5,2329.04,2305.5,2317.385714285715,0.01,23.469999999999963,TP,275.089999999989
XAUUSD,2024-04-24 04:30:00,2024-04-24 06:00:00,SELL,2318.8900000000003,2323.61,2321.973214285714,2313.323571428572,0.01,-4.7899999999998,SL,270.2999999999892
EURUSD,2024-04-24 16:00:00,2024-04-24 22:15:00,BUY,1.0689700000000002,1.0706,1.0689700000000002,1.0705042857142861,0.02,3.2599999999995966,TP,273.5599999999888
EURUSD,2024-04-25 15:00:00,2024-04-25 15:30:00,SELL,1.0716999999999999,1.06909,1.0721364285714288,1.0712771428571424,0.05,13.049999999998898,TP,286.6099999999877
XAUUSD,2024-04-25 16:00:00,2024-04-25 17:30:00,SELL,2319.6200000000003,2340.94,2324.931785714286,2309.5964285714285,0.01,-21.38999999999971,SL,265.219999999988
XAUUSD,2024-04-26 02:00:00,2024-04-26 04:30:00,SELL,2331.13,2331.52,2331.13,2325.9021428571423,0.01,-0.4599999999998727,SL,264.7599999999881
EURUSD,2024-04-26 10:30:00,2024-04-26 11:00:00,BUY,1.07295,1.074,1.0726442857142857,1.0731114285714285,0.09,9.449999999999958,TP,274.20999999998804
EURUSD,2024-04-29 11:00:00,2024-04-29 11:30:00,SELL,1.07198,1.07074,1.0726548571428571,1.0710802857142858,0.03,3.7199999999997235,TP,277.9299999999878
XAUUSD,2024-04-29 10:00:00,2024-04-29 12:45:00,BUY,2332.25,2343.22,2332.25,2340.413571428572,0.01,10.8999999999998,TP,288.8299999999876
EURUSD,2024-04-30 03:15:00,2024-04-30 04:30:00,SELL,1.0715199999999998,1.07113,1.071856142857143,1.0712977142857139,0.08,3.1199999999991235,TP,291.94999999998674
EURUSD,2024-04-30 11:15:00,2024-04-30 11:45:00,BUY,1.07016,1.07107,1.0696207142857144,1.070788571428571,0.04,3.639999999999866,TP,295.5899999999866
XAUUSD,2024-05-02 08:30:00,2024-05-02 11:00:00,SELL,2315.61,2307.63,2315.61,2309.0171428571425,0.01,7.910000000000018,TP,303.49999999998664
XAUUSD,2024-05-03 07:00:00,2024-05-03 09:15:00,BUY,2303.52,2301.46,2303.52,2309.1185714285716,0.01,-2.1299999999999453,SL,301.3699999999867
EURUSD,2024-05-03 09:00:00,2024-05-03 11:00:00,SELL,1.07327,1.07397,1.0738318571428571,1.072596285714286,0.04,-2.80000000000058,SL,298.5699999999861
XAUUSD,2024-05-03 15:30:00,2024-05-03 16:30:00,BUY,2303.16,2286.28,2299.1232142857143,2310.6335714285715,0.01,-16.949999999999655,SL,281.6199999999865
XAUUSD,2024-05-06 02:30:00,2024-05-06 04:00:00,SELL,2294.8900000000003,2303.72,2298.7028571428573,2287.864285714286,0.01,-8.899999999999473,SL,272.719999999987
EURUSD,2024-05-06 04:30:00,2024-05-06 04:45:00,BUY,1.0767,1.077,1.0763657142857144,1.076918571428571,0.07,2.0999999999997687,TP,274.8199999999868
XAUUSD,2024-05-09 06:00:00,2024-05-09 08:15:00,BUY,2311.98,2318.28,2311.98,2316.6357142857146,0.01,6.230000000000182,TP,281.049999999987
EURUSD,2024-05-10 15:00:00,2024-05-10 15:30:00,SELL,1.07785,1.07691,1.0781092857142858,1.0777814285714287,0.13,12.219999999999231,TP,293.2699999999862
EURUSD,2024-05-10 16:00:00,2024-05-10 17:00:00,BUY,1.07765,1.0774,1.07765,1.0789765714285708,0.02,-0.500000000000167,SL,292.76999999998606
XAUUSD,2024-05-14 04:00:00,2024-05-14 07:00:00,BUY,2340.2799999999997,2344.21,2340.2799999999997,2344.149285714285,0.01,3.860000000000291,TP,296.62999999998635
XAUUSD,2024-05-14 09:00:00,2024-05-14 10:15:00,SELL,2342.3100000000004,2336.43,2342.3100000000004,2337.210714285715,0.01,5.810000000000564,TP,302.4399999999869
XAUUSD,2024-05-17 05:15:00,2024-05-17 05:45:00,SELL,2380.73,2375.21,2380.73,2376.7964285714284,0.01,5.4499999999999815,TP,307.8899999999869
EURUSD,2024-05-17 09:30:00,2024-05-17 10:00:00,BUY,1.08614,1.0865,1.0858458571428573,1.0862782857142854,0.11,3.9599999999990754,TP,311.849999999986
EURUSD,2024-05-22 19:00:00,2024-05-22 20:00:00,BUY,1.0838700000000001,1.08453,1.0833404285714285,1.084479142857143,0.04,2.6399999999995316,TP,314.4899999999855
EURUSD,2024-05-23 06:30:00,2024-05-23 07:45:00,BUY,1.08312,1.08266,1.0828304285714285,1.083249142857143,0.11,-5.060000000001397,SL,309.4299999999841
XAUUSD,2024-05-24 04:15:00,2024-05-24 05:15:00,BUY,2333.9399999999996,2326.08,2330.8192857142853,2339.5814285714287,0.01,-7.929999999999673,SL,301.4999999999844
XAUUSD,2024-05-24 08:15:00,2024-05-24 13:15:00,BUY,2334.49,2343.94,2334.49,2342.743571428571,0.01,9.380000000000273,TP,310.8799999999847
EURUSD,2024-05-24 23:00:00,2024-05-27 01:30:00,SELL,1.0846699999999998,1.08505,1.0850277142857143,1.084404571428571,0.07,-2.6600000000018835,SL,308.2199999999828
XAUUSD,2024-05-24 18:00:00,2024-05-27 05:45:00,SELL,2339.07,2346.16,2345.582857142857,2326.644285714286,0.01,-7.159999999999691,SL,301.0599999999831
EURUSD,2024-05-28 11:00:00,2024-05-28 11:30:00,SELL,1.08747,1.08679,1.0879359999999998,1.0869880000000005,0.05,3.4000000000000696,TP,304.4599999999832
XAUUSD,2024-05-30 08:00:00,2024-05-30 08:45:00,SELL,2335.23,2325.05,2335.23,2327.066428571428,0.01,10.109999999999836,TP,314.56999999998305
XAUUSD,2024-05-30 13:00:00,2024-05-30 15:30:00,BUY,2331.8199999999997,2342.82,2331.8199999999997,2341.13,0.01,10.930000000000454,TP,325.4999999999835
EURUSD,2024-05-30 23:00:00,2024-05-31 01:00:00,SELL,1.08279,1.0833,1.083231,1.082358,0.06,-3.0600000000000627,SL,322.43999999998346
XAUUSD,2024-05-31 05:00:00,2024-05-31 06:00:00,SELL,2346.7400000000002,2338.63,2346.7400000000002,2341.162857142858,0.01,8.040000000000127,TP,330.4799999999836
XAUUSD,2024-05-31 15:15:00,2024-05-31 15:30:00,BUY,2343.16,2352.46,2340.2514285714287,2348.3771428571426,0.01,9.230000000000182,TP,339.7099999999838
XAUUSD,2024-06-03 04:00:00,2024-06-03 06:15:00,BUY,2328.9199999999996,2323.96,2325.153214285714,2335.8535714285713,0.01,-5.029999999999582,SL,334.6799999999842
XAUUSD,2024-06-03 09:45:00,2024-06-03 11:15:00,SELL,2322.36,2327.66,2327.4660714285715,2312.747857142857,0.01,-5.369999999999727,SL,329.3099999999845
XAUUSD,2024-06-04 04:15:00,2024-06-04 05:00:00,SELL,2347.3900000000003,2348.29,2347.3900000000003,2343.2057142857147,0.02,-1.9399999999992725,SL,327.3699999999852
XAUUSD,2024-06-05 04:00:00,2024-06-05 04:45:00,BUY,2327.29,2330.5,2327.29,2330.0985714285716,0.02,6.280000000000073,TP,333.6499999999853
EURUSD,2024-06-06 20:00:00,2024-06-06 20:30:00,BUY,1.08834,1.089,1.0879932857142858,1.0885834285714284,0.08,5.279999999999063,TP,338.9299999999844
EURUSD,2024-06-07 09:30:00,2024-06-07 10:00:00,BUY,1.0891300000000002,1.08984,1.0887574285714285,1.089425142857143,0.08,5.679999999998131,TP,344.6099999999825
EURUSD,2024-06-07 14:00:00,2024-06-07 14:45:00,BUY,1.08919,1.08983,1.088731,1.0896580000000002,0.06,3.8399999999998435,TP,348.44999999998237
EURUSD,2024-06-11 10:30:00,2024-06-11 11:15:00,SELL,1.07666,1.07588,1.0771348571428572,1.0761602857142858,0.05,3.9000000000000146,TP,352.3499999999824
XAUUSD,2024-06-11 10:00:00,2024-06-11 12:15:00,BUY,2303.41,2302.49,2303.41,2309.169285714286,0.01,-0.9900000000000728,SL,351.35999999998234
XAUUSD,2024-06-11 13:00:00,2024-06-11 15:15:00,BUY,2306.3399999999997,2314.56,2306.3399999999997,2313.719285714286,0.01,8.150000000000254,TP,359.5099999999826
EURUSD,2024-06-11 20:15:00,2024-06-11 21:15:00,BUY,1.07397,1.07434,1.0735685714285714,1.0743228571428571,0.07,2.5899999999998706,TP,362.09999999998246
XAUUSD,2024-06-12 15:00:00,2024-06-12 15:30:00,BUY,2313.0899999999997,2329.42,2309.9767857142856,2318.7164285714284,0.01,16.26000000000038,TP,378.35999999998285
EURUSD,2024-06-12 22:45:00,2024-06-13 01:30:00,SELL,1.0805,1.08139,1.0813737142857143,1.0792025714285718,0.03,-2.6700000000001722,SL,375.68999999998266
EURUSD,2024-06-13 01:45:00,2024-06-13 10:00:00,SELL,1.0809099999999998,1.08091,1.0809099999999998,1.0801177142857141,0.04,-8.881784197001252e-13,SL,375.68999999998175
EURUSD,2024-06-13 16:15:00,2024-06-13 17:30:00,SELL,1.0799699999999999,1.07678,1.0799699999999999,1.076793142857143,0.01,3.189999999999804,TP,378.8799999999816
XAUUSD,2024-06-14 04:15:00,2024-06-14 06:00:00,BUY,2303.62,2307.9,2303.62,2306.983571428572,0.02,8.4200000000004,TP,387.299999999982
XAUUSD,2024-06-17 17:00:00,2024-06-17 18:15:00,BUY,2320.1,2319.59,2320.1,2329.082142857143,0.01,-0.5799999999997636,SL,386.71999999998224
EURUSD,2024-06-18 15:00:00,2024-06-18 15:30:00,BUY,1.0715400000000002,1.07317,1.0709377142857144,1.0722945714285714,0.04,6.519999999999193,TP,393.2399999999814
XAUUSD,2024-06-21 15:00:00,2024-06-21 16:15:00,SELL,2365.8500000000004,2355.4,2365.8500000000004,2359.516428571429,0.01,10.380000000000273,TP,403.6199999999817
XAUUSD,2024-06-25 02:00:00,2024-06-25 04:30:00,SELL,2330.28,2324.86,2330.28,2326.526428571429,0.02,10.700000000000145,TP,414.31999999998186
XAUUSD,2024-06-26 01:00:00,2024-06-26 04:30:00,BUY,2319.98,2314.56,2317.7185714285715,2323.9028571428576,0.02,-10.980000000000146,SL,403.3399999999817
EURUSD,2024-06-26 08:00:00,2024-06-26 08:15:00,SELL,1.0709,1.07057,1.0711827142857142,1.0707845714285718,0.15,4.949999999999122,TP,408.28999999998086
XAUUSD,2024-06-27 07:30:00,2024-06-27 11:30:00,BUY,2299.8799999999997,2306.08,2299.8799999999997,2303.9207142857135,0.02,12.260000000000545,TP,420.5499999999814
XAUUSD,2024-06-28 03:00:00,2024-06-28 03:45:00,SELL,2326.4100000000003,2321.65,2326.4100000000003,2323.5050000000006,0.03,14.070000000000654,TP,434.6199999999821
XAUUSD,2024-06-28 08:30:00,2024-06-28 11:30:00,BUY,2324.72,2329.84,2324.72,2329.4035714285715,0.02,10.10000000000069,TP,444.7199999999828
EURUSD,2024-06-28 12:00:00,2024-06-28 12:45:00,BUY,1.0697500000000002,1.0709,1.0697500000000002,1.0705191428571432,0.05,5.7499999999988125,TP,450.4699999999816
XAUUSD,2024-07-01 04:00:00,2024-07-01 07:30:00,BUY,2326.1499999999996,2322.09,2323.277857142857,2331.2942857142853,0.02,-8.259999999998982,SL,442.20999999998264
XAUUSD,2024-07-02 06:00:00,2024-07-02 08:30:00,SELL,2328.84,2329.89,2328.84,2324.563571428572,0.02,-2.2399999999994544,SL,439.9699999999832
EURUSD,2024-07-03 08:45:00,2024-07-03 09:30:00,SELL,1.07371,1.074,1.073957,1.073666,0.23,-6.67000000000284,SL,433.29999999998034
EURUSD,2024-07-04 03:30:00,2024-07-04 05:15:00,BUY,1.07921,1.07869,1.078827,1.0795259999999998,0.09,-4.680000000000684,SL,428.61999999997965
XAUUSD,2024-07-09 01:00:00,2024-07-09 04:00:00,BUY,2359.31,2364.14,2359.31,2364.049285714286,0.02,9.519999999999854,TP,438.1399999999795
XAUUSD,2024-07-09 04:15:00,2024-07-09 05:00:00,BUY,2363.46,2360.69,2361.237142857143,2367.305714285714,0.02,-5.679999999999963,SL,432.4599999999796
XAUUSD,2024-07-09 05:45:00,2024-07-09 09:30:00,BUY,2364.27,2363.26,2364.27,2370.162142857143,0.01,-1.0799999999997636,SL,431.3799999999798
EURUSD,2024-07-09 10:00:00,2024-07-09 10:45:00,SELL,1.0825399999999998,1.08175,1.0830447142857142,1.0819805714285713,0.06,4.739999999999078,TP,436.1199999999789
XAUUSD,2024-07-09 10:00:00,2024-07-09 12:00:00,SELL,2362.09,2363.35,2362.09,2357.1000000000004,0.02,-2.659999999999527,SL,433.4599999999794
XAUUSD,2024-07-09 17:15:00,2024-07-09 21:00:00,SELL,2362.42,2362.83,2362.42,2350.5771428571434,0.01,-0.4799999999998545,SL,432.97999999997955
EURUSD,2024-07-12 02:00:00,2024-07-12 02:15:00,BUY,1.0868300000000002,1.08718,1.0865452857142857,1.086949428571429,0.16,5.599999999997607,TP,438.5799999999772
EURUSD,2024-07-12 02:30:00,2024-07-12 02:45:00,BUY,1.08675,1.08741,1.0865434285714286,1.0867131428571428,0.39,25.739999999995433,TP,464.31999999997265
XAUUSD,2024-07-12 04:00:00,2024-07-12 09:30:00,SELL,2412.07,2404.95,2412.07,2405.230714285714,0.01,7.050000000000345,TP,471.369999999973
EURUSD,2024-07-12 10:00:00,2024-07-12 10:15:00,BUY,1.08653,1.08683,1.0863111428571428,1.086517714285714,0.34,10.199999999998877,TP,481.56999999997186
XAUUSD,2024-07-16 08:00:00,2024-07-16 10:30:00,BUY,2429.6699999999996,2437.17,2429.6699999999996,2436.7342857142853,0.01,7.4300000000004545,TP,488.9999999999723
EURUSD,2024-07-16 15:00:00,2024-07-16 15:30:00,SELL,1.08991,1.08834,1.0904791428571428,1.0892217142857146,0.06,9.419999999999096,TP,498.4199999999714
EURUSD,2024-07-17 09:00:00,2024-07-17 10:30:00,SELL,1.09018,1.09123,1.0906358571428572,1.0897182857142858,0.08,-8.399999999999963,SL,490.01999999997145
XAUUSD,2024-07-18 04:30:00,2024-07-18 06:00:00,BUY,2461.1499999999996,2467.51,2461.1499999999996,2467.0314285714285,0.02,12.580000000001164,TP,502.5999999999726
EURUSD,2024-07-18 08:00:00,2024-07-18 08:30:00,BUY,1.0935300000000001,1.09374,1.0932715714285715,1.0935968571428571,0.23,4.829999999995893,TP,507.4299999999685
EURUSD,2024-07-18 11:15:00,2024-07-18 11:30:00,SELL,1.0933199999999998,1.09316,1.0935871428571429,1.093235714285714,0.22,3.5199999999986353,TP,510.94999999996713
XAUUSD,2024-07-24 11:15:00,2024-07-24 15:45:00,SELL,2413.63,2421.32,2417.7010714285716,2406.0878571428566,0.01,-7.760000000000055,SL,503.1899999999671
EURUSD,2024-07-24 20:00:00,2024-07-24 21:15:00,SELL,1.08521,1.08412,1.08521,1.0844217142857149,0.05,5.450000000000177,TP,508.63999999996724
XAUUSD,2024-07-25 13:00:00,2024-07-25 14:45:00,BUY,2375.5,2368.41,2369.0032142857144,2387.8935714285717,0.01,-7.160000000000146,SL,501.4799999999671
XAUUSD,2024-07-26 04:00:00,2024-07-26 04:15:00,BUY,2360.2,2365.12,2357.6225,2364.755,0.02,9.700000000000145,TP,511.17999999996727
EURUSD,2024-07-26 10:15:00,2024-07-26 10:30:00,SELL,1.08514,1.08508,1.0853644285714286,1.0851411428571431,0.34,2.0399999999982654,TP,513.2199999999656
EURUSD,2024-07-26 12:00:00,2024-07-26 12:30:00,SELL,1.08504,1.08543,1.0853982857142856,1.084773428571429,0.12,-4.679999999998685,SL,508.5399999999669
EURUSD,2024-07-26 12:45:00,2024-07-26 13:15:00,SELL,1.08524,1.08562,1.0856184285714285,1.0849331428571432,0.11,-4.180000000000517,SL,504.35999999996636
EURUSD,2024-07-29 03:00:00,2024-07-29 03:30:00,BUY,1.0856100000000002,1.08593,1.0852330000000001,1.085914,0.11,3.5199999999986353,TP,507.879999999965
EURUSD,2024-07-31 17:00:00,2024-07-31 17:30:00,SELL,1.08385,1.08269,1.084555,1.0828900000000004,0.05,5.800000000000249,TP,513.6799999999653
XAUUSD,2024-08-02 05:00:00,2024-08-02 08:45:00,BUY,2450.8799999999997,2466.6,2450.8799999999997,2462.849285714286,0.01,15.650000000000254,TP,529.3299999999655
XAUUSD,2024-08-02 17:00:00,2024-08-02 17:30:00,SELL,2471.61,2436.59,2481.8942857142856,2451.6414285714286,0.01,34.94999999999998,TP,564.2799999999654
XAUUSD,2024-08-02 23:00:00,2024-08-05 03:15:00,BUY,2437.23,2425.54,2429.869642857143,2451.3507142857147,0.01,-11.760000000000055,SL,552.5199999999653
EURUSD,2024-08-06 03:15:00,2024-08-06 09:30:00,BUY,1.09538,1.0939,1.0943245714285714,1.097040857142857,0.03,-4.4399999999997775,SL,548.0799999999655
XAUUSD,2024-08-06 15:00:00,2024-08-06 15:30:00,SELL,2410.34,2394.69,2410.34,2401.244285714286,0.01,15.58000000000009,TP,563.6599999999655
EURUSD,2024-08-07 04:00:00,2024-08-07 04:30:00,SELL,1.0926699999999998,1.0916,1.0930987142857143,1.0922625714285712,0.1,10.699999999999044,TP,574.3599999999645
XAUUSD,2024-08-09 08:15:00,2024-08-09 10:15:00,SELL,2422.3500000000004,2424.39,2422.3500000000004,2415.1957142857145,0.02,-4.219999999999017,SL,570.1399999999655
XAUUSD,2024-08-09 13:00:00,2024-08-09 16:15:00,BUY,2423.93,2431.82,2423.93,2431.8171428571427,0.01,7.820000000000327,TP,577.9599999999658
XAUUSD,2024-08-12 04:00:00,2024-08-12 07:00:00,SELL,2428.51,2429.66,2428.51,2422.2085714285713,0.02,-2.4399999999992725,SL,575.5199999999666
XAUUSD,2024-08-12 07:00:00,2024-08-12 09:45:00,BUY,2429.8599999999997,2436.73,2429.8599999999997,2436.272857142857,0.02,13.60000000000069,TP,589.1199999999673
EURUSD,2024-08-12 17:00:00,2024-08-12 17:30:00,BUY,1.09202,1.09265,1.0917195714285715,1.0921708571428568,0.2,12.599999999998168,TP,601.7199999999655
XAUUSD,2024-08-13 15:15:00,2024-08-13 15:30:00,BUY,2464.66,2470.92,2461.2628571428572,2470.8542857142857,0.02,12.380000000000436,TP,614.0999999999659
XAUUSD,2024-08-13 16:15:00,2024-08-13 19:15:00,BUY,2467.43,2466.64,2467.43,2476.825714285714,0.01,-0.8599999999999637,SL,613.2399999999659
XAUUSD,2024-08-14 15:15:00,2024-08-14 16:15:00,SELL,2471.82,2450.78,2471.82,2464.867142857143,0.02,41.93999999999993,TP,655.1799999999658
EURUSD,2024-08-15 15:00:00,2024-08-15 15:30:00,SELL,1.10097,1.09609,1.1014264285714284,1.1005071428571436,0.11,53.67999999999995,TP,708.8599999999658
XAUUSD,2024-08-16 10:00:00,2024-08-16 10:45:00,BUY,2453.91,2461.86,2451.199642857143,2458.7307142857144,0.03,23.640000000000818,TP,732.4999999999666
XAUUSD,2024-08-20 04:15:00,2024-08-20 09:00:00,SELL,2504.34,2497.98,2504.34,2499.2921428571435,0.03,18.87000000000038,TP,751.3699999999669
XAUUSD,2024-08-21 04:15:00,2024-08-21 05:00:00,BUY,2512.5699999999997,2519.58,2512.5699999999997,2517.823571428571,0.03,20.820000000000654,TP,772.1899999999675
XAUUSD,2024-08-21 10:00:00,2024-08-21 12:00:00,SELL,2515.44,2506.67,2515.44,2506.805,0.02,17.399999999999963,TP,789.5899999999675
XAUUSD,2024-08-22 04:15:00,2024-08-22 04:45:00,SELL,2512.3900000000003,2507.52,2512.3900000000003,2508.0364285714286,0.03,14.400000000001036,TP,803.9899999999685
EURUSD,2024-08-22 09:00:00,2024-08-22 10:00:00,BUY,1.1144900000000002,1.11527,1.1139792857142858,1.1150614285714286,0.11,8.57999999999759,TP,812.5699999999661
EURUSD,2024-08-23 02:15:00,2024-08-23 04:00:00,BUY,1.1116700000000002,1.11215,1.1112914285714286,1.111977142857143,0.18,8.63999999999665,TP,821.2099999999627
XAUUSD,2024-08-22 23:15:00,2024-08-23 06:15:00,BUY,2484.1899999999996,2492.9,2484.1899999999996,2491.8221428571424,0.02,17.28000000000098,TP,838.4899999999637
XAUUSD,2024-08-26 06:15:00,2024-08-26 10:00:00,SELL,2511.27,2517.52,2515.0207142857143,2504.3685714285707,0.02,-12.64,SL,825.8499999999638
XAUUSD,2024-08-26 16:00:00,2024-08-26 16:45:00,SELL,2525.04,2515.81,2529.2514285714283,2517.217142857143,0.02,18.320000000000036,TP,844.1699999999638
XAUUSD,2024-08-27 02:00:00,2024-08-27 03:45:00,SELL,2517.26,2513.06,2517.26,2513.4228571428566,0.04,16.52000000000109,TP,860.6899999999649
EURUSD,2024-08-27 04:00:00,2024-08-27 04:15:00,BUY,1.1163200000000002,1.11677,1.1159265714285713,1.1166568571428577,0.18,8.09999999999711,TP,868.789999999962
XAUUSD,2024-08-27 10:00:00,2024-08-27 10:45:00,SELL,2514.4300000000003,2504.82,2514.4300000000003,2507.108571428572,0.02,19.080000000000254,TP,887.8699999999623
EURUSD,2024-08-27 05:30:00,2024-08-27 15:15:00,BUY,1.1166200000000002,1.11545,1.1159037142857142,1.1176025714285718,0.08,-9.360000000000923,SL,878.5099999999613
EURUSD,2024-08-28 04:00:00,2024-08-28 05:45:00,SELL,1.11751,1.11665,1.1180387142857144,1.1169025714285714,0.12,10.320000000000995,TP,888.8299999999623
XAUUSD,2024-08-30 04:15:00,2024-08-30 05:00:00,SELL,2518.36,2514.59,2518.36,2515.026428571429,0.05,18.499999999999908,TP,907.3299999999622
XAUUSD,2024-08-30 05:30:00,2024-08-30 09:15:00,SELL,2516.48,2522.36,2516.48,2511.007857142857,0.03,-17.85000000000033,SL,889.4799999999618
EURUSD,2024-08-30 15:00:00,2024-08-30 15:30:00,SELL,1.1084999999999998,1.10662,1.1089342857142857,1.1080814285714284,0.16,30.07999999999811,TP,919.5599999999599
XAUUSD,2024-08-30 16:30:00,2024-08-30 18:00:00,SELL,2517.9900000000002,2506.35,2517.9900000000002,2506.689285714286,0.02,23.140000000000654,TP,942.6999999999606
EURUSD,2024-09-02 03:00:00,2024-09-02 03:15:00,BUY,1.1046900000000002,1.1051,1.1043431428571429,1.1049337142857145,0.24,9.839999999995186,TP,952.5399999999557
EURUSD,2024-09-02 04:15:00,2024-09-02 05:00:00,BUY,1.1055000000000001,1.10475,1.1050182857142858,1.1060134285714285,0.14,-10.500000000003507,SL,942.0399999999522
EURUSD,2024-09-03 03:15:00,2024-09-03 03:30:00,SELL,1.10659,1.10624,1.1068881428571429,1.1064437142857144,0.32,11.20000000000232,TP,953.2399999999545
XAUUSD,2024-09-03 09:00:00,2024-09-03 11:00:00,BUY,2495.0,2502.69,2495.0,2500.937142857143,0.03,22.860000000000163,TP,976.0999999999547
EURUSD,2024-09-04 03:00:00,2024-09-04 04:15:00,BUY,1.1049,1.10505,1.1046271428571428,1.104995714285714,0.4,6.00000000000378,TP,982.0999999999584
XAUUSD,2024-09-04 09:00:00,2024-09-04 09:45:00,SELL,2491.23,2484.2,2491.23,2486.252857142857,0.04,27.8400000000008,TP,1009.9399999999592
XAUUSD,2024-09-05 08:00:00,2024-09-05 08:45:00,BUY,2495.2599999999998,2501.88,2495.2599999999998,2499.236428571429,0.05,32.75000000000173,TP,1042.689999999961
EURUSD,2024-09-05 16:00:00,2024-09-05 17:30:00,BUY,1.1096700000000002,1.10792,1.1085485714285714,1.1114628571428573,0.05,-8.750000000000702,SL,1033.9399999999603
XAUUSD,2024-09-09 06:00:00,2024-09-09 08:30:00,BUY,2498.4199999999996,2490.72,2495.2360714285714,2504.1878571428565,0.03,-23.309999999999455,SL,1010.6299999999608
XAUUSD,2024-09-09 09:30:00,2024-09-09 12:15:00,SELL,2492.03,2496.0,2495.4914285714285,2485.707142857143,0.03,-12.1199999999994,SL,998.5099999999613
EURUSD,2024-09-11 04:00:00,2024-09-11 04:15:00,BUY,1.1020500000000002,1.10271,1.10175,1.1022000000000003,0.33,21.779999999996136,TP,1020.2899999999574
EURUSD,2024-09-12 06:00:00,2024-09-12 08:45:00,BUY,1.10131,1.10218,1.100857857142857,1.1017642857142855,0.17,14.78999999999875,TP,1035.0799999999563
EURUSD,2024-09-16 02:15:00,2024-09-16 06:15:00,BUY,1.10884,1.10968,1.1084154285714285,1.1092391428571429,0.19,15.959999999999088,TP,1051.0399999999554
EURUSD,2024-09-17 09:15:00,2024-09-17 09:45:00,SELL,1.11283,1.11208,1.113145857142857,1.1126482857142863,0.32,24.00000000000091,TP,1075.0399999999563
EURUSD,2024-09-18 07:00:00,2024-09-18 07:45:00,SELL,1.11242,1.112,1.1128255714285715,1.1120588571428571,0.21,8.819999999997163,TP,1083.8599999999535
XAUUSD,2024-09-18 07:00:00,2024-09-18 08:00:00,SELL,2574.1400000000003,2566.41,2574.1400000000003,2567.8385714285714,0.03,22.980000000001418,TP,1106.839999999955
EURUSD,2024-09-18 10:00:00,2024-09-18 10:45:00,BUY,1.11213,1.1131,1.1116884285714286,1.1125631428571428,0.19,18.42999999999839,TP,1125.2699999999534
XAUUSD,2024-09-19 05:00:00,2024-09-19 08:15:00,BUY,2559.43,2568.55,2559.43,2567.3814285714284,0.03,27.150000000001036,TP,1152.4199999999544
EURUSD,2024-09-19 17:00:00,2024-09-19 17:15:00,BUY,1.1121400000000001,1.11274,1.111771,1.112428,0.26,15.599999999998282,TP,1168.0199999999527
EURUSD,2024-09-19 17:15:00,2024-09-19 19:15:00,BUY,1.1128900000000002,1.1154,1.1128900000000002,1.1153440000000003,0.04,10.03999999999916,TP,1178.0599999999517
XAUUSD,2024-09-23 03:15:00,2024-09-23 05:30:00,SELL,2619.76,2622.88,2622.4789285714287,2614.9221428571427,0.05,-15.949999999999454,SL,1162.1099999999524
XAUUSD,2024-09-24 03:00:00,2024-09-24 04:00:00,SELL,2625.9500000000003,2628.94,2627.715357142857,2623.019285714286,0.07,-21.419999999998474,SL,1140.689999999954
EURUSD,2024-09-24 09:30:00,2024-09-24 10:00:00,BUY,1.1111300000000002,1.11212,1.110413857142857,1.1121122857142862,0.1,9.899999999998244,TP,1150.5899999999522
EURUSD,2024-09-25 11:00:00,2024-09-25 12:15:00,SELL,1.11875,1.11785,1.119316142857143,1.118067714285714,0.14,12.599999999998612,TP,1163.1899999999507
XAUUSD,2024-09-25 17:30:00,2024-09-25 19:00:00,BUY,2661.81,2655.62,2656.0985714285716,2672.632857142857,0.02,-12.52000000000011,SL,1150.6699999999505
EURUSD,2024-09-26 04:00:00,2024-09-26 04:15:00,BUY,1.11378,1.11329,1.1133985714285715,1.1140928571428568,0.25,-12.250000000002537,SL,1138.419999999948
EURUSD,2024-09-26 04:30:00,2024-09-26 08:15:00,BUY,1.11375,1.1147,1.11375,1.1145954285714281,0.11,10.45000000000007,TP,1148.869999999948
XAUUSD,2024-09-26 21:00:00,2024-09-27 08:15:00,BUY,2673.24,2666.66,2666.9167857142857,2685.2864285714286,0.02,-13.299999999999855,SL,1135.569999999948
XAUUSD,2024-09-27 23:00:00,2024-09-30 01:15:00,BUY,2651.62,2661.8,2651.62,2660.8314285714287,0.02,20.22000000000058,TP,1155.7899999999486
XAUUSD,2024-10-01 02:00:00,2024-10-01 06:00:00,BUY,2635.7799999999997,2635.35,2635.7799999999997,2642.1949999999997,0.03,-1.4999999999995088,SL,1154.289999999949
EURUSD,2024-10-01 04:00:00,2024-10-01 09:00:00,BUY,1.1134300000000001,1.11317,1.1134300000000001,1.1145414285714286,0.09,-2.340000000001341,SL,1151.9499999999477
EURUSD,2024-10-02 15:00:00,2024-10-02 15:30:00,SELL,1.1069799999999999,1.10537,1.1069799999999999,1.105811714285714,0.09,14.489999999999002,TP,1166.4399999999468
XAUUSD,2024-10-02 16:00:00,2024-10-02 17:45:00,BUY,2651.1899999999996,2647.99,2651.1899999999996,2661.112857142857,0.02,-6.539999999999636,SL,1159.899999999947
XAUUSD,2024-10-03 03:00:00,2024-10-03 06:00:00,SELL,2659.0600000000004,2654.52,2659.0600000000004,2655.63,0.06,26.82000000000251,TP,1186.7199999999496
XAUUSD,2024-10-07 03:00:00,2024-10-07 08:15:00,SELL,2649.4300000000003,2643.27,2649.4300000000003,2643.852857142857,0.04,24.360000000001236,TP,1211.0799999999508
XAUUSD,2024-10-07 15:15:00,2024-10-07 15:45:00,SELL,2649.3,2640.09,2649.3,2642.2764285714284,0.03,27.42000000000011,TP,1238.499999999951
EURUSD,2024-10-10 04:15:00,2024-10-10 05:00:00,BUY,1.0943100000000001,1.09394,1.093943142857143,1.0945937142857143,0.29,-10.730000000005901,SL,1227.769999999945
XAUUSD,2024-10-10 05:00:00,2024-10-10 05:30:00,BUY,2608.6899999999996,2614.09,2605.780357142857,2613.909285714285,0.05,26.650000000002727,TP,1254.4199999999478
EURUSD,2024-10-10 10:30:00,2024-10-10 10:45:00,SELL,1.09401,1.09372,1.094237285714286,1.0940054285714282,0.81,23.48999999999202,TP,1277.9099999999398
XAUUSD,2024-10-10 15:15:00,2024-10-10 15:30:00,BUY,2613.0699999999997,2621.12,2609.612857142857,2619.3842857142854,0.04,31.920000000000726,TP,1309.8299999999406
EURUSD,2024-10-10 15:00:00,2024-10-10 15:45:00,BUY,1.09335,1.0944,1.0926114285714286,1.0943771428571427,0.11,11.54999999999995,TP,1321.3799999999405
XAUUSD,2024-10-10 16:15:00,2024-10-10 22:00:00,BUY,2617.8199999999997,2629.9,2617.8199999999997,2628.87,0.02,24.020000000000763,TP,1345.3999999999412
EURUSD,2024-10-11 21:00:00,2024-10-11 22:30:00,SELL,1.09415,1.09355,1.0946147142857143,1.0936705714285715,0.21,12.599999999998612,TP,1357.9999999999397
EURUSD,2024-10-14 13:15:00,2024-10-14 14:00:00,SELL,1.0925699999999998,1.09189,1.0930948571428571,1.0919702857142854,0.18,12.239999999996254,TP,1370.239999999936
XAUUSD,2024-10-15 05:00:00,2024-10-15 06:30:00,BUY,2649.8399999999997,2646.46,2647.2046428571425,2654.5107142857146,0.06,-20.699999999997928,SL,1349.539999999938
EURUSD,2024-10-15 06:30:00,2024-10-15 07:15:00,SELL,1.0898599999999998,1.08922,1.0903025714285715,1.0894248571428569,0.23,14.719999999994293,TP,1364.2599999999322
EURUSD,2024-10-15 23:00:00,2024-10-16 02:45:00,BUY,1.08895,1.08829,1.088513,1.0893739999999998,0.24,-15.840000000002517,SL,1348.4199999999298
EURUSD,2024-10-17 12:00:00,2024-10-17 12:30:00,BUY,1.08541,1.08616,1.0849055714285714,1.085968857142857,0.19,14.25000000000054,TP,1362.6699999999303
EURUSD,2024-10-22 06:00:00,2024-10-22 07:45:00,BUY,1.08176,1.08201,1.0814538571428571,1.0819222857142856,0.44,10.999999999993904,TP,1373.6699999999241
EURUSD,2024-10-22 12:15:00,2024-10-22 12:45:00,SELL,1.0825399999999998,1.08158,1.083018,1.0820339999999997,0.21,20.15999999999685,TP,1393.829999999921
EURUSD,2024-10-22 14:00:00,2024-10-22 14:30:00,SELL,1.08262,1.08214,1.083014,1.0822820000000002,0.29,13.919999999994602,TP,1407.7499999999156
XAUUSD,2024-10-23 04:15:00,2024-10-23 04:30:00,SELL,2742.7400000000002,2738.91,2744.9446428571428,2738.9307142857147,0.07,26.32000000000268,TP,1434.0699999999183
EURUSD,2024-10-23 05:00:00,2024-10-23 05:30:00,BUY,1.07973,1.08043,1.0793884285714286,1.0799631428571428,0.37,25.89999999999715,TP,1459.9699999999154
EURUSD,2024-10-24 14:00:00,2024-10-24 17:00:00,SELL,1.0799299999999998,1.08091,1.080564857142857,1.0791102857142858,0.15,-14.700000000003044,SL,1445.2699999999124
EURUSD,2024-10-25 03:45:00,2024-10-25 04:30:00,SELL,1.08201,1.08231,1.0822984285714286,1.081883142857143,0.52,-15.600000000009828,SL,1429.6699999999025
XAUUSD,2024-10-25 03:00:00,2024-10-25 04:45:00,SELL,2733.88,2729.99,2735.5564285714286,2731.1271428571426,0.1,38.20000000000327,TP,1467.8699999999058
EURUSD,2024-10-25 15:00:00,2024-10-25 15:30:00,BUY,1.08243,1.08364,1.0820414285714286,1.0827571428571425,0.31,37.50999999999793,TP,1505.3799999999037
XAUUSD,2024-10-28 00:00:00,2024-10-28 03:00:00,SELL,2735.4,2727.4,2738.948214285714,2728.9035714285715,0.04,31.72,TP,1537.0999999999037
XAUUSD,2024-10-28 07:00:00,2024-10-28 08:00:00,BUY,2731.56,2741.61,2731.56,2739.1600000000003,0.04,39.92000000000073,TP,1577.0199999999045
EURUSD,2024-10-30 12:30:00,2024-10-30 13:00:00,BUY,1.0835000000000001,1.08307,1.0831691428571428,1.0837117142857144,0.44,-18.92000000000671,SL,1558.0999999998978
XAUUSD,2024-10-30 13:15:00,2024-10-30 15:00:00,SELL,2781.01,2787.08,2785.0810714285717,2773.4678571428567,0.04,-24.559999999998837,SL,1533.539999999899
EURUSD,2024-10-31 03:00:00,2024-10-31 03:30:00,SELL,1.0855199999999998,1.08503,1.0859565714285713,1.0850968571428572,0.27,13.229999999996744,TP,1546.7699999998958
EURUSD,2024-10-31 09:00:00,2024-10-31 09:30:00,BUY,1.0852300000000001,1.08632,1.0847434285714286,1.085753142857143,0.23,25.069999999995705,TP,1571.8399999998915
XAUUSD,2024-10-31 09:30:00,2024-10-31 12:00:00,SELL,2783.54,2775.12,2783.54,2776.068571428571,0.04,33.40000000000029,TP,1605.2399999998918
EURUSD,2024-11-01 04:15:00,2024-11-01 04:30:00,SELL,1.0879299999999998,1.08775,1.088188142857143,1.087863714285714,0.74,13.319999999988674,TP,1618.5599999998803
XAUUSD,2024-11-01 03:00:00,2024-11-01 07:00:00,BUY,2747.33,2752.53,2747.33,2752.3542857142857,0.06,30.780000000001635,TP,1649.339999999882
EURUSD,2024-11-01 04:45:00,2024-11-01 09:45:00,SELL,1.08767,1.08681,1.08767,1.087117428571429,0.23,19.7799999999968,TP,1669.1199999998787
EURUSD,2024-11-01 14:15:00,2024-11-01 14:30:00,BUY,1.0863800000000001,1.08996,1.0858051428571427,1.0870797142857147,0.2,71.59999999999833,TP,1740.719999999877
XAUUSD,2024-11-01 15:15:00,2024-11-01 16:30:00,BUY,2753.79,2739.85,2747.6628571428573,2765.444285714286,0.03,-42.030000000000165,SL,1698.6899999998768
EURUSD,2024-11-04 15:30:00,2024-11-04 18:00:00,BUY,1.08997,1.08909,1.0892485714285713,1.0909628571428573,0.15,-13.20000000000321,SL,1685.4899999998736
XAUUSD,2024-11-05 10:00:00,2024-11-05 10:45:00,BUY,2732.5899999999997,2742.53,2732.5899999999997,2739.9778571428565,0.04,39.480000000002036,TP,1724.9699999998757
XAUUSD,2024-11-06 03:00:00,2024-11-06 03:30:00,BUY,2738.96,2747.81,2734.999285714286,2746.2814285714285,0.05,43.899999999999544,TP,1768.8699999998753
EURUSD,2024-11-11 09:00:00,2024-11-11 09:15:00,SELL,1.07161,1.07078,1.0722195714285714,1.0708408571428574,0.19,15.76999999999784,TP,1784.6399999998732
XAUUSD,2024-11-12 05:15:00,2024-11-12 07:15:00,SELL,2622.84,2612.72,2622.84,2614.680714285714,0.04,40.20000000000138,TP,1824.8399999998746
EURUSD,2024-11-13 16:00:00,2024-11-13 16:30:00,SELL,1.06317,1.06152,1.06317,1.061680857142857,0.11,18.14999999999922,TP,1842.9899999998738
EURUSD,2024-11-15 04:00:00,2024-11-15 09:15:00,BUY,1.05403,1.05567,1.05403,1.055634,0.11,18.040000000000944,TP,1861.0299999998747
EURUSD,2024-11-15 15:15:00,2024-11-15 15:30:00,SELL,1.0582799999999999,1.0563,1.0594194285714287,1.0564511428571426,0.09,17.819999999998835,TP,1878.8499999998735
EURUSD,2024-11-18 02:00:00,2024-11-18 02:45:00,BUY,1.0538,1.05487,1.0538,1.0546057142857144,0.2,21.399999999998087,TP,1900.2499999998715
XAUUSD,2024-11-19 16:00:00,2024-11-19 19:15:00,SELL,2630.01,2632.53,2630.01,2618.1907142857144,0.03,-7.769999999999945,SL,1892.4799999998716
EURUSD,2024-11-21 17:00:00,2024-11-21 17:45:00,SELL,1.0533599999999999,1.05102,1.0540955714285716,1.0523388571428567,0.16,37.43999999999659,TP,1929.9199999998682
EURUSD,2024-11-22 09:00:00,2024-11-22 09:15:00,BUY,1.04654,1.04792,1.0463044285714285,1.0465611428571429,1.13,155.93999999999286,TP,2085.859999999861
EURUSD,2024-11-22 12:15:00,2024-11-22 12:30:00,SELL,1.04151,1.04281,1.0425547142857143,1.0398705714285714,0.12,-15.600000000000948,SL,2070.25999999986
EURUSD,2024-11-26 09:00:00,2024-11-26 09:15:00,SELL,1.0479299999999998,1.04755,1.0483415714285713,1.047556857142857,0.4,15.199999999992997,TP,2085.459999999853
EURUSD,2024-11-26 09:15:00,2024-11-26 10:15:00,SELL,1.0473999999999999,1.04827,1.0482637142857143,1.0461225714285713,0.15,-13.050000000002225,SL,2072.409999999851
EURUSD,2024-11-27 01:15:00,2024-11-27 06:15:00,BUY,1.04874,1.04789,1.047926142857143,1.049917714285714,0.16,-13.600000000000279,SL,2058.809999999851
EURUSD,2024-11-27 09:00:00,2024-11-27 10:00:00,BUY,1.04861,1.05098,1.04861,1.0500462857142856,0.13,30.809999999999782,TP,2089.6199999998507
XAUUSD,2024-11-29 16:00:00,2024-11-29 18:00:00,SELL,2659.2200000000003,2659.42,2659.2200000000003,2648.8085714285717,0.04,-1.0799999999992724,SL,2088.5399999998513
EURUSD,2024-11-29 19:00:00,2024-11-29 19:30:00,BUY,1.05455,1.05549,1.053953,1.0552940000000002,0.23,21.61999999999864,TP,2110.15999999985
EURUSD,2024-12-02 08:00:00,2024-12-02 09:00:00,BUY,1.05274,1.05173,1.0520554285714285,1.0536591428571427,0.2,-20.199999999999108,SL,2089.959999999851
XAUUSD,2024-12-02 11:00:00,2024-12-02 13:30:00,BUY,2634.22,2645.56,2628.4914285714285,2645.077142857143,0.04,45.08000000000058,TP,2135.0399999998513
EURUSD,2024-12-02 22:00:00,2024-12-02 22:15:00,BUY,1.04915,1.05092,1.0485637142857143,1.0498725714285713,0.24,42.48000000000118,TP,2177.5199999998526
EURUSD,2024-12-03 02:45:00,2024-12-03 03:00:00,SELL,1.04896,1.04966,1.0493962857142858,1.0485374285714284,0.38,-26.600000000005508,SL,2150.9199999998473
EURUSD,2024-12-03 03:30:00,2024-12-03 03:45:00,SELL,1.0493,1.04878,1.0497788571428572,1.0487922857142855,0.33,17.15999999999518,TP,2168.0799999998426
EURUSD,2024-12-03 04:00:00,2024-12-03 09:15:00,SELL,1.0486799999999998,1.05027,1.049587,1.0473159999999997,0.14,-22.260000000002837,SL,2145.8199999998396
XAUUSD,2024-12-03 14:00:00,2024-12-03 15:15:00,SELL,2642.1000000000004,2646.37,2646.1839285714286,2634.5321428571433,0.06,-26.039999999997164,SL,2119.7799999998424
EURUSD,2024-12-03 14:00:00,2024-12-03 15:30:00,SELL,1.05182,1.05183,1.05182,1.0501308571428576,0.12,-0.12000000000078614,SL,2119.6599999998416
XAUUSD,2024-12-05 03:00:00,2024-12-05 07:30:00,SELL,2649.88,2652.65,2649.88,2645.5778571428573,0.09,-25.559999999999835,SL,2094.0999999998417
XAUUSD,2024-12-05 16:00:00,2024-12-05 17:00:00,SELL,2648.3300000000004,2636.18,2648.3300000000004,2638.6471428571426,0.04,48.32000000000218,TP,2142.4199999998436
EURUSD,2024-12-06 09:00:00,2024-12-06 09:45:00,BUY,1.0574800000000002,1.05836,1.057051857142857,1.0578862857142861,0.39,34.319999999991026,TP,2176.7399999998347
XAUUSD,2024-12-06 12:00:00,2024-12-06 16:00:00,SELL,2638.4100000000003,2628.16,2643.3125,2629.2050000000004,0.05,50.90000000000227,TP,2227.639999999837
XAUUSD,2024-12-10 12:00:00,2024-12-10 12:45:00,BUY,2666.12,2675.47,2666.12,2674.682142857143,0.05,46.399999999999544,TP,2274.0399999998367
EURUSD,2024-12-12 02:30:00,2024-12-12 03:15:00,BUY,1.0504900000000001,1.05077,1.0502235714285715,1.0505728571428572,0.98,27.43999999998392,TP,2301.479999999821
XAUUSD,2024-12-12 03:00:00,2024-12-12 03:30:00,SELL,2718.1000000000004,2710.66,2718.1000000000004,2712.0707142857145,0.07,51.59000000000357,TP,2353.0699999998246
EURUSD,2024-12-12 10:45:00,2024-12-12 12:30:00,BUY,1.05106,1.05035,1.0503550000000001,1.0520199999999997,0.21,-14.91000000000442,SL,2338.1599999998202
XAUUSD,2024-12-13 09:00:00,2024-12-13 10:45:00,SELL,2687.79,2674.98,2687.79,2680.0485714285714,0.06,76.43999999999967,TP,2414.59999999982
EURUSD,2024-12-13 23:00:00,2024-12-16 01:00:00,BUY,1.04979,1.05063,1.0492860000000002,1.0503479999999994,0.34,28.559999999998368,TP,2443.1599999998184
EURUSD,2024-12-16 09:00:00,2024-12-16 09:15:00,SELL,1.0511199999999998,1.05177,1.0515145714285714,1.050780857142857,0.5,-32.500000000013074,SL,2410.659999999805
EURUSD,2024-12-16 09:30:00,2024-12-16 12:30:00,SELL,1.0511499999999998,1.04936,1.0511499999999998,1.0495888571428567,0.14,25.05999999999631,TP,2435.7199999998015
EURUSD,2024-12-17 20:00:00,2024-12-18 08:30:00,SELL,1.04971,1.05092,1.0507714285714287,1.0480371428571427,0.13,-15.730000000002022,SL,2419.9899999997997
XAUUSD,2024-12-17 19:00:00,2024-12-18 16:15:00,BUY,2640.68,2638.56,2640.68,2654.7171428571432,0.03,-6.5699999999996725,SL,2413.4199999998
EURUSD,2024-12-19 17:15:00,2024-12-19 17:30:00,SELL,1.03982,1.0389,1.040411,1.0390880000000002,0.27,24.84000000000086,TP,2438.259999999801
EURUSD,2024-12-20 07:00:00,2024-12-20 08:00:00,BUY,1.03621,1.03498,1.035761857142857,1.0366562857142858,0.41,-50.430000000002636,SL,2387.8299999997985
EURUSD,2024-12-20 08:15:00,2024-12-20 15:30:00,BUY,1.03634,1.04135,1.03634,1.0401831428571429,0.06,30.059999999999754,TP,2417.8899999997984
EURUSD,2024-12-23 09:00:00,2024-12-23 09:30:00,SELL,1.04342,1.04227,1.0438834285714285,1.0429431428571434,0.39,44.84999999999939,TP,2462.739999999798
XAUUSD,2024-12-24 02:30:00,2024-12-24 06:30:00,BUY,2614.46,2619.5,2614.46,2619.0664285714283,0.1,49.69999999999963,TP,2512.4399999997977
XAUUSD,2024-12-24 16:15:00,2024-12-24 18:30:00,SELL,2616.42,2617.4,2616.42,2610.1228571428574,0.08,-8.400000000000146,SL,2504.0399999997976
XAUUSD,2024-12-26 09:00:00,2024-12-26 15:00:00,SELL,2626.98,2630.32,2629.8424999999997,2621.855,0.09,-30.69000000000131,SL,2473.349999999796
EURUSD,2024-12-27 11:30:00,2024-12-27 13:00:00,BUY,1.04132,1.04219,1.0407647142857144,1.041980571428571,0.31,26.969999999997718,TP,2500.3199999997937
EURUSD,2024-12-30 11:00:00,2024-12-30 11:45:00,BUY,1.0416,1.04339,1.0408187142857144,1.0427125714285712,0.2,35.799999999999166,TP,2536.119999999793
