entry_time,exit_time,direction,entry_price,exit_price,sl,tp,lot_size,pnl,exit_reason,balance
2023-01-03 09:15:00,2023-01-03 10:15:00,BUY,33216.2,33354.2,33216.2,33292.60071428571,0.01,1.3800000000000001,TP,101.38
2023-01-03 10:45:00,2023-01-03 16:45:00,BUY,33400.2,33022.7,33197.78,33698.829999999994,0.01,-3.775,SL,97.60499999999999
2023-01-04 03:45:00,2023-01-04 15:15:00,BUY,33164.5,33261.5,33164.5,33257.533571428576,0.01,0.97,TP,98.57499999999999
2023-01-04 16:15:00,2023-01-04 17:00:00,BUY,33265.0,33090.0,33179.64571428571,33388.031428571434,0.01,-1.75,SL,96.82499999999999
2023-01-05 12:15:00,2023-01-05 15:15:00,BUY,33253.1,33148.1,33150.48428571428,33402.02357142858,0.01,-1.05,SL,95.77499999999999
2023-01-05 15:30:00,2023-01-06 15:30:00,SELL,33110.1,33159.3,33110.1,32799.62642857143,0.01,-0.4920000000000437,SL,95.28299999999994
2023-01-06 16:00:00,2023-01-09 17:30:00,BUY,33258.3,33856.8,33258.3,33814.6,0.01,5.985,TP,101.26799999999994
2023-01-09 18:30:00,2023-01-09 20:30:00,BUY,33873.7,33650.7,33735.05714285715,34076.66428571427,0.01,-2.23,SL,99.03799999999994
2023-01-09 21:00:00,2023-01-10 14:15:00,SELL,33653.2,33387.5,33653.2,33389.25428571428,0.01,2.656999999999971,TP,101.69499999999991
2023-01-10 14:30:00,2023-01-10 16:00:00,SELL,33367.5,33483.5,33465.661428571424,33225.25785714286,0.01,-1.16,SL,100.53499999999991
2023-01-10 16:45:00,2023-01-11 20:30:00,BUY,33557.0,33893.5,33557.0,33890.37,0.01,3.365,TP,103.8999999999999
2023-01-11 21:15:00,2023-01-11 23:45:00,BUY,33873.0,33979.0,33873.0,33976.13928571429,0.01,1.06,TP,104.95999999999991
2023-01-12 01:00:00,2023-01-12 15:30:00,BUY,33970.8,33940.1,33970.8,34100.12500000001,0.01,-0.3070000000000437,SL,104.65299999999986
2023-01-12 17:00:00,2023-01-18 17:45:00,BUY,34074.6,33737.4,33747.59428571429,34560.108571428565,0.01,-3.371999999999971,SL,101.28099999999989
2023-01-18 18:45:00,2023-01-19 13:15:00,SELL,33574.1,33051.6,33574.1,33089.125,0.01,5.2250000000000005,TP,106.50599999999989
2023-01-19 13:45:00,2023-01-19 16:15:00,SELL,33057.6,33069.6,33057.6,32975.93214285714,0.01,-0.12,SL,106.38599999999988
2023-01-19 21:00:00,2023-01-20 16:45:00,BUY,33165.4,32991.2,32994.75,33416.375,0.01,-1.7420000000000437,SL,104.64399999999983
2023-01-20 22:30:00,2023-01-23 17:00:00,BUY,33320.2,33523.4,33320.2,33501.71428571429,0.01,2.0320000000000435,TP,106.67599999999987
2023-01-23 18:45:00,2023-01-23 21:45:00,BUY,33705.9,33536.4,33550.485714285714,33934.02142857143,0.01,-1.695,SL,104.98099999999988
2023-01-24 09:30:00,2023-01-24 11:30:00,SELL,33622.9,33573.9,33655.252857142856,33579.37071428572,0.02,0.98,TP,105.96099999999988
2023-01-24 11:45:00,2023-01-24 15:30:00,SELL,33583.9,33471.4,33583.9,33532.03714285715,0.01,1.125,TP,107.08599999999988
2023-01-25 02:00:00,2023-01-25 15:30:00,SELL,33662.6,33462.0,33662.6,33493.325714285704,0.01,2.0059999999999856,TP,109.09199999999987
2023-01-25 17:00:00,2023-01-25 18:30:00,SELL,33452.3,33453.7,33452.3,33320.66500000001,0.01,-0.013999999999941793,SL,109.07799999999993
2023-01-26 01:15:00,2023-01-26 11:15:00,BUY,33745.4,33740.7,33745.4,33818.847857142864,0.01,-0.04700000000004366,SL,109.03099999999989
2023-01-26 22:00:00,2023-01-27 17:00:00,BUY,33892.2,34065.1,33892.2,34031.435714285704,0.01,1.7290000000000145,TP,110.7599999999999
2023-01-27 18:30:00,2023-01-30 10:00:00,BUY,34016.3,33799.2,33817.72857142857,34309.157142857155,0.01,-2.1710000000000584,SL,108.58899999999984
2023-01-30 11:30:00,2023-01-30 15:45:00,SELL,33762.2,33820.2,33817.091428571424,33684.862857142856,0.01,-0.58,SL,108.00899999999984
2023-01-30 22:45:00,2023-01-31 15:30:00,SELL,33714.7,33766.2,33714.7,33554.44285714286,0.01,-0.515,SL,107.49399999999984
2023-01-31 19:00:00,2023-01-31 19:15:00,BUY,33790.3,33859.8,33750.444285714286,33845.08357142858,0.01,0.6950000000000001,TP,108.18899999999984
2023-01-31 19:45:00,2023-01-31 22:45:00,BUY,33870.8,34091.0,33747.35857142857,34050.96214285715,0.01,2.201999999999971,TP,110.3909999999998
2023-02-01 01:45:00,2023-02-01 02:45:00,BUY,34036.3,34002.3,34010.65571428572,34069.76642857143,0.02,-0.68,SL,109.7109999999998
2023-02-01 10:00:00,2023-02-01 10:45:00,SELL,34011.5,33972.5,34038.24,33976.39,0.02,0.78,TP,110.4909999999998
2023-02-02 13:15:00,2023-02-02 13:45:00,SELL,34045.6,33976.6,34085.694285714286,33990.458571428564,0.01,0.6900000000000001,TP,111.1809999999998
2023-02-02 14:30:00,2023-02-02 15:45:00,SELL,33955.1,34126.1,34077.24285714286,33776.8857142857,0.01,-1.71,SL,109.4709999999998
2023-02-03 06:00:00,2023-02-03 09:30:00,BUY,34060.9,34012.1,34017.9,34120.4,0.01,-0.48800000000002913,SL,108.98299999999978
2023-02-03 15:15:00,2023-02-03 15:30:00,SELL,33980.6,33862.6,34009.04285714286,33942.93571428571,0.02,2.36,TP,111.34299999999978
2023-02-06 08:00:00,2023-02-06 10:15:00,SELL,33825.2,33763.0,33859.44142857143,33778.83785714285,0.02,1.2439999999999418,TP,112.58699999999972
2023-02-06 10:45:00,2023-02-06 12:30:00,SELL,33772.0,33656.0,33772.0,33669.43285714286,0.01,1.16,TP,113.74699999999972
2023-02-07 09:15:00,2023-02-07 10:00:00,SELL,33902.6,33810.6,33942.04142857143,33848.43785714285,0.02,1.84,TP,115.58699999999972
2023-02-07 10:30:00,2023-02-07 16:15:00,SELL,33836.1,33688.6,33936.450000000004,33690.57499999999,0.01,1.475,TP,117.06199999999971
2023-02-08 10:30:00,2023-02-08 18:30:00,SELL,34079.5,33924.0,34079.5,33954.107142857145,0.01,1.555,TP,118.61699999999972
2023-02-09 04:15:00,2023-02-09 09:45:00,BUY,34031.5,34075.3,34031.5,34072.835,0.02,0.8760000000000582,TP,119.49299999999978
2023-02-09 10:30:00,2023-02-09 18:15:00,BUY,34175.8,34025.0,34052.08285714286,34356.37571428572,0.01,-1.508000000000029,SL,117.98499999999976
2023-02-10 06:00:00,2023-02-10 10:00:00,SELL,33659.7,33741.0,33707.72571428571,33592.661428571424,0.01,-0.8130000000000291,SL,117.17199999999973
2023-02-10 10:15:00,2023-02-10 11:45:00,BUY,33742.5,33656.5,33659.34857142857,33862.22714285714,0.01,-0.86,SL,116.31199999999973
2023-02-13 09:00:00,2023-02-13 10:15:00,BUY,33801.5,33848.0,33770.70571428571,33842.69142857144,0.02,0.93,TP,117.24199999999973
2023-02-13 10:30:00,2023-02-13 14:15:00,BUY,33836.0,33918.0,33784.89571428571,33907.656428571434,0.01,0.8200000000000001,TP,118.06199999999973
2023-02-14 01:00:00,2023-02-14 14:45:00,BUY,34233.8,34310.1,34184.7,34302.45000000001,0.01,0.7629999999999564,TP,118.82499999999969
2023-02-14 15:00:00,2023-02-14 15:30:00,BUY,34304.1,34227.6,34245.805714285714,34386.54142857142,0.01,-0.765,SL,118.05999999999969
2023-02-15 09:30:00,2023-02-15 11:30:00,SELL,33951.7,34009.7,33996.34142857143,33889.73785714284,0.01,-0.58,SL,117.47999999999969
2023-02-15 15:15:00,2023-02-15 21:00:00,SELL,33957.7,34089.0,34073.729999999996,33788.655,0.01,-1.313000000000029,SL,116.16699999999966
2023-02-16 01:30:00,2023-02-16 08:00:00,BUY,34109.1,34108.1,34109.1,34150.89785714285,0.02,-0.02,SL,116.14699999999966
2023-02-16 08:45:00,2023-02-16 10:00:00,SELL,34108.6,34157.8,34150.28,34051.08,0.01,-0.4920000000000437,SL,115.65499999999962
2023-02-17 01:15:00,2023-02-17 10:00:00,SELL,33648.6,33533.5,33722.55714285714,33542.66428571429,0.01,1.1509999999999854,TP,116.8059999999996
2023-02-17 22:15:00,2023-02-21 10:30:00,BUY,33784.1,33651.9,33652.247142857144,33976.87928571428,0.01,-1.321999999999971,SL,115.48399999999963
2023-02-21 11:00:00,2023-02-21 16:15:00,SELL,33609.4,33461.9,33609.4,33466.25571428571,0.01,1.475,TP,116.95899999999962
2023-02-21 17:15:00,2023-02-22 22:00:00,SELL,33350.3,32972.7,33350.3,32981.62214285715,0.01,3.7760000000000584,TP,120.73499999999967
2023-02-23 16:00:00,2023-02-23 17:30:00,BUY,33142.6,33137.7,33142.6,33252.88785714286,0.01,-0.04900000000001455,SL,120.68599999999965
2023-02-23 19:15:00,2023-02-23 21:30:00,SELL,32822.7,33111.9,33099.46,32412.559999999994,0.01,-2.892000000000044,SL,117.79399999999961
2023-02-24 10:15:00,2023-02-24 12:30:00,SELL,33108.3,33061.8,33140.088571428576,33065.61714285714,0.02,0.93,TP,118.72399999999962
2023-02-24 14:15:00,2023-02-24 15:30:00,SELL,32973.8,32776.8,33076.364285714284,32824.95357142858,0.01,1.97,TP,120.69399999999962
2023-02-27 07:30:00,2023-02-27 10:00:00,SELL,32799.5,32888.7,32851.362857142856,32726.705714285716,0.01,-0.8919999999999709,SL,119.80199999999965
2023-02-27 10:45:00,2023-02-27 15:30:00,BUY,32902.2,33039.2,32808.58857142857,33037.61714285714,0.01,1.37,TP,121.17199999999966
2023-02-28 10:15:00,2023-02-28 12:45:00,SELL,32793.8,32923.8,32923.59428571429,32604.108571428576,0.01,-1.3,SL,119.87199999999966
2023-02-28 13:00:00,2023-02-28 16:30:00,BUY,32924.3,32762.3,32809.54428571429,33091.43357142857,0.01,-1.6200000000000365,SL,118.25199999999963
2023-03-01 01:00:00,2023-03-01 23:00:00,SELL,32620.2,32773.2,32729.514285714286,32461.228571428575,0.01,-1.5299999999999636,SL,116.72199999999967
2023-03-02 01:00:00,2023-03-02 10:00:00,BUY,32802.2,32610.4,32631.05,33053.924999999996,0.01,-1.9179999999999564,SL,114.80399999999972
2023-03-02 13:15:00,2023-03-02 20:45:00,BUY,32712.9,32907.3,32712.9,32859.08285714286,0.01,1.9440000000000146,TP,116.74799999999973
2023-03-03 08:15:00,2023-03-03 09:00:00,BUY,32976.9,32943.1,32954.89142857143,33004.91285714286,0.03,-1.0140000000000873,SL,115.73399999999965
2023-03-03 09:15:00,2023-03-03 11:00:00,SELL,32952.1,33001.1,32994.35142857143,32893.72285714286,0.01,-0.49,SL,115.24399999999966
2023-03-06 04:00:00,2023-03-06 04:30:00,BUY,33376.1,33435.1,33339.29571428571,33426.30642857143,0.02,1.18,TP,116.42399999999967
2023-03-06 04:45:00,2023-03-06 13:45:00,BUY,33431.6,33347.3,33355.479999999996,33540.78,0.01,-0.8429999999999563,SL,115.5809999999997
2023-03-07 18:30:00,2023-03-08 19:00:00,SELL,33113.9,32704.5,33113.9,32742.45785714286,0.01,4.0940000000000145,TP,119.67499999999971
2023-03-08 19:30:00,2023-03-09 16:00:00,SELL,32716.5,32875.3,32863.22142857143,32501.417857142857,0.01,-1.5880000000000292,SL,118.08699999999969
2023-03-09 16:45:00,2023-03-09 19:00:00,BUY,32924.8,32746.3,32747.329999999998,33186.00500000001,0.01,-1.7850000000000363,SL,116.30199999999965
2023-03-09 21:15:00,2023-03-10 03:00:00,SELL,32509.5,32129.8,32509.5,32152.4,0.01,3.7970000000000073,TP,120.09899999999966
2023-03-10 03:15:00,2023-03-10 04:15:00,SELL,32154.8,32042.8,32222.781428571427,32057.82785714286,0.01,1.12,TP,121.21899999999967
2023-03-10 05:15:00,2023-03-10 11:15:00,SELL,32072.8,32120.1,32072.8,31954.253571428573,0.01,-0.47299999999999276,SL,120.74599999999967
2023-03-13 01:15:00,2023-03-13 14:00:00,BUY,32213.7,31717.2,31808.77857142857,32816.08214285714,0.01,-4.965,SL,115.78099999999966
2023-03-13 14:15:00,2023-03-13 16:45:00,SELL,31718.7,32102.9,32094.77857142857,31159.582142857143,0.01,-3.842000000000007,SL,111.93899999999965
2023-03-14 04:30:00,2023-03-14 08:00:00,BUY,31952.3,31831.0,31866.895714285714,32075.406428571427,0.01,-1.2129999999999928,SL,110.72599999999966
2023-03-14 13:00:00,2023-03-14 14:15:00,BUY,31928.5,32056.7,31928.5,32025.491428571426,0.01,1.2820000000000074,TP,112.00799999999967
2023-03-15 04:15:00,2023-03-15 10:45:00,BUY,32151.2,32060.4,32084.80285714286,32245.795714285712,0.01,-0.9079999999999927,SL,111.09999999999968
2023-03-15 18:30:00,2023-03-15 20:15:00,SELL,31496.7,31831.9,31756.954285714288,31111.318571428572,0.01,-3.3520000000000074,SL,107.74799999999968
2023-03-16 02:00:00,2023-03-16 02:45:00,BUY,31872.1,31993.1,31803.591428571428,31969.862857142856,0.01,1.21,TP,108.95799999999967
2023-03-16 04:30:00,2023-03-16 08:45:00,BUY,31985.1,31884.9,31921.54857142857,32075.427142857137,0.01,-1.001999999999971,SL,107.9559999999997
2023-03-17 13:45:00,2023-03-17 14:45:00,SELL,32113.1,31946.1,32113.1,31975.681428571428,0.01,1.67,TP,109.6259999999997
2023-03-17 16:00:00,2023-03-20 00:15:00,SELL,31959.6,31975.8,31959.6,31727.06428571429,0.01,-0.16200000000000728,SL,109.4639999999997
2023-03-20 00:45:00,2023-03-20 06:30:00,BUY,32001.3,31801.4,31803.255714285715,32293.366428571426,0.01,-1.9989999999999781,SL,107.46499999999972
2023-03-20 14:00:00,2023-03-20 15:30:00,BUY,31849.1,32058.0,31849.1,31980.12857142857,0.01,2.0890000000000146,TP,109.55399999999973
2023-03-21 03:45:00,2023-03-21 11:00:00,BUY,32295.5,32382.8,32235.334285714285,32380.748571428572,0.01,0.8729999999999928,TP,110.42699999999972
2023-03-21 12:45:00,2023-03-21 19:45:00,BUY,32488.3,32349.5,32378.085714285713,32648.62142857143,0.01,-1.3879999999999928,SL,109.03899999999973
2023-03-22 02:00:00,2023-03-22 03:00:00,SELL,32554.4,32518.3,32554.4,32522.688571428575,0.02,0.7220000000000437,TP,109.76099999999977
2023-03-22 04:30:00,2023-03-22 09:30:00,SELL,32529.3,32445.5,32574.15714285714,32467.014285714286,0.01,0.8379999999999928,TP,110.59899999999976
2023-03-23 03:15:00,2023-03-23 09:15:00,BUY,32117.2,32225.5,32117.2,32218.38071428571,0.01,1.0829999999999929,TP,111.68199999999976
2023-03-23 11:45:00,2023-03-23 15:30:00,SELL,32096.8,32232.8,32230.13,31901.804999999997,0.01,-1.36,SL,110.32199999999976
2023-03-24 08:00:00,2023-03-24 09:30:00,BUY,32170.2,32238.2,32124.545714285716,32233.681428571428,0.01,0.68,TP,111.00199999999977
2023-03-24 10:45:00,2023-03-24 22:45:00,SELL,32020.2,32280.4,32267.755714285715,31653.86642857143,0.01,-2.6020000000000074,SL,108.39999999999976
2023-03-27 02:30:00,2023-03-27 10:30:00,BUY,32405.6,32268.2,32321.334285714285,32526.99857142857,0.01,-1.3739999999999781,SL,107.02599999999978
2023-03-27 14:45:00,2023-03-27 17:30:00,BUY,32456.2,32360.5,32379.97857142857,32565.532142857144,0.01,-0.9570000000000073,SL,106.06899999999978
2023-03-28 10:00:00,2023-03-28 11:45:00,BUY,32542.5,32466.3,32475.48142857143,32638.027857142853,0.01,-0.7620000000000073,SL,105.30699999999977
2023-03-28 12:15:00,2023-03-28 17:00:00,SELL,32469.3,32519.8,32469.3,32349.14428571428,0.01,-0.505,SL,104.80199999999978
2023-03-29 08:00:00,2023-03-29 08:45:00,BUY,32519.3,32572.3,32495.121428571427,32550.567857142858,0.02,1.06,TP,105.86199999999978
2023-03-29 10:30:00,2023-03-29 11:30:00,BUY,32557.0,32615.5,32557.0,32610.112142857142,0.01,0.585,TP,106.44699999999978
2023-03-30 08:00:00,2023-03-30 09:00:00,BUY,32717.6,32774.8,32717.6,32770.684285714284,0.01,0.5720000000000437,TP,107.01899999999982
2023-03-30 09:15:00,2023-03-30 12:30:00,BUY,32765.8,32870.0,32765.8,32867.41142857143,0.01,1.0420000000000074,TP,108.06099999999982
2023-03-31 02:00:00,2023-03-31 09:00:00,BUY,32873.6,32871.7,32873.6,32929.403571428564,0.01,-0.019000000000014554,SL,108.0419999999998
2023-03-31 09:30:00,2023-03-31 12:15:00,SELL,32873.7,32919.2,32916.45285714285,32814.57071428571,0.01,-0.455,SL,107.5869999999998
2023-04-03 01:15:00,2023-04-03 16:45:00,BUY,33267.1,33556.3,33267.1,33509.882857142846,0.01,2.892000000000044,TP,110.47899999999984
2023-04-04 10:00:00,2023-04-04 13:30:00,SELL,33585.0,33676.0,33653.42428571428,33487.36357142858,0.01,-0.91,SL,109.56899999999985
2023-04-04 13:45:00,2023-04-04 16:00:00,BUY,33672.0,33604.5,33610.24285714285,33759.635714285716,0.01,-0.675,SL,108.89399999999985
2023-04-05 01:00:00,2023-04-05 12:45:00,BUY,33426.4,33325.8,33328.364285714284,33568.453571428574,0.01,-1.0059999999999856,SL,107.88799999999986
2023-04-05 13:00:00,2023-04-05 16:30:00,SELL,33330.8,33439.8,33403.31285714285,33227.03071428573,0.01,-1.09,SL,106.79799999999986
2023-04-06 04:15:00,2023-04-06 10:15:00,SELL,33440.2,33495.5,33479.24,33386.64,0.01,-0.5530000000000291,SL,106.24499999999983
2023-04-06 10:30:00,2023-04-06 15:30:00,BUY,33483.0,33466.3,33483.0,33544.95785714286,0.01,-0.1669999999999709,SL,106.07799999999986
2023-04-10 01:15:00,2023-04-10 15:00:00,BUY,33536.5,33433.3,33452.63428571429,33657.29857142857,0.01,-1.031999999999971,SL,105.04599999999989
2023-04-10 15:30:00,2023-04-10 19:30:00,SELL,33364.8,33530.6,33526.29285714286,33127.56071428572,0.01,-1.6579999999999564,SL,103.38799999999993
2023-04-11 01:30:00,2023-04-11 05:00:00,BUY,33600.3,33634.8,33600.3,33625.24642857142,0.03,1.035,TP,104.42299999999993
2023-04-11 10:45:00,2023-04-11 12:15:00,SELL,33582.0,33627.0,33624.44285714286,33523.33571428571,0.01,-0.45,SL,103.97299999999993
2023-04-12 10:45:00,2023-04-12 15:30:00,BUY,33734.6,33899.6,33685.1,33803.85,0.01,1.6500000000000001,TP,105.62299999999993
2023-04-12 23:00:00,2023-04-13 17:15:00,SELL,33627.6,33771.8,33757.84285714285,33437.23571428572,0.01,-1.4420000000000437,SL,104.18099999999988
2023-04-13 17:30:00,2023-04-13 21:30:00,BUY,33750.8,34017.8,33750.8,34009.632857142875,0.01,2.67,TP,106.85099999999989
2023-04-13 22:00:00,2023-04-14 11:15:00,BUY,34022.3,33925.4,33936.05714285715,34146.66428571429,0.01,-0.9690000000000146,SL,105.88199999999988
2023-04-14 11:30:00,2023-04-14 13:45:00,SELL,33918.9,34019.9,33967.59285714286,33850.860714285714,0.01,-1.01,SL,104.87199999999987
2023-04-14 15:15:00,2023-04-14 16:00:00,BUY,34071.4,33983.9,34005.478571428575,34165.28214285714,0.01,-0.875,SL,103.99699999999987
2023-04-17 10:45:00,2023-04-17 18:30:00,SELL,33918.5,33836.8,33956.114285714284,33867.078571428574,0.01,0.8169999999999709,TP,104.81399999999984
2023-04-17 19:00:00,2023-04-17 22:15:00,SELL,33871.3,33958.8,33942.14,33770.04000000001,0.01,-0.875,SL,103.93899999999984
2023-04-18 01:00:00,2023-04-18 13:15:00,BUY,33978.0,34076.0,33978.0,34070.41428571427,0.01,0.98,TP,104.91899999999984
2023-04-18 14:00:00,2023-04-18 14:15:00,BUY,34122.0,34032.0,34044.20714285714,34233.68928571428,0.01,-0.9,SL,104.01899999999983
2023-04-19 04:15:00,2023-04-19 09:00:00,SELL,33935.7,33892.4,33957.02428571429,33908.71357142856,0.03,1.298999999999869,TP,105.3179999999997
2023-04-19 09:15:00,2023-04-19 12:30:00,SELL,33891.4,33824.4,33891.4,33829.178571428565,0.01,0.67,TP,105.9879999999997
2023-04-20 10:45:00,2023-04-24 17:15:00,SELL,33702.4,33883.9,33867.45714285714,33459.81428571429,0.01,-1.815,SL,104.1729999999997
2023-04-25 12:45:00,2023-04-25 13:45:00,SELL,33734.5,33779.5,33765.74285714285,33692.635714285716,0.02,-0.9,SL,103.2729999999997
2023-04-25 20:30:00,2023-04-26 21:30:00,SELL,33586.8,33309.1,33586.8,33345.482857142866,0.01,2.7770000000000437,TP,106.04999999999974
2023-04-26 22:00:00,2023-04-27 13:30:00,SELL,33306.1,33497.4,33457.08571428571,33084.62142857142,0.01,-1.9130000000000291,SL,104.13699999999972
2023-04-27 18:15:00,2023-04-27 20:30:00,BUY,33523.4,33700.9,33523.4,33683.759999999995,0.01,1.7750000000000001,TP,105.91199999999972
2023-04-27 21:00:00,2023-04-28 10:15:00,BUY,33722.9,33722.5,33722.9,33912.76928571429,0.01,-0.004000000000014552,SL,105.9079999999997
2023-04-28 10:45:00,2023-04-28 16:30:00,SELL,33725.0,33807.0,33791.62142857143,33630.06785714286,0.01,-0.8200000000000001,SL,105.08799999999971
2023-04-28 17:30:00,2023-05-02 17:15:00,BUY,33964.7,33652.0,33688.631428571425,34373.80285714286,0.01,-3.126999999999971,SL,101.96099999999974
2023-05-02 18:15:00,2023-05-05 16:30:00,SELL,33472.9,33590.9,33472.9,32820.43928571429,0.01,-1.18,SL,100.78099999999974
2023-05-05 17:00:00,2023-05-10 20:15:00,BUY,33577.4,33261.7,33305.00714285715,33980.989285714284,0.01,-3.1570000000000435,SL,97.6239999999997
2023-05-11 09:00:00,2023-05-11 10:00:00,SELL,33549.1,33560.6,33549.1,33512.31428571428,0.02,-0.23,SL,97.39399999999969
2023-05-11 10:45:00,2023-05-11 14:00:00,BUY,33577.6,33468.6,33507.34285714285,33677.98571428572,0.01,-1.09,SL,96.30399999999969
2023-05-12 01:15:00,2023-05-12 10:30:00,BUY,33337.2,33423.0,33337.2,33408.839285714275,0.01,0.8580000000000291,TP,97.16199999999972
2023-05-12 11:00:00,2023-05-12 17:00:00,BUY,33418.0,33329.5,33335.37142857143,33536.94285714286,0.01,-0.885,SL,96.27699999999972
2023-05-15 06:30:00,2023-05-15 08:00:00,BUY,33284.4,33310.4,33284.4,33309.260714285716,0.03,0.78,TP,97.05699999999972
2023-05-15 08:30:00,2023-05-15 11:00:00,BUY,33337.9,33440.6,33337.9,33409.667857142864,0.01,1.0269999999999708,TP,98.08399999999969
2023-05-16 08:00:00,2023-05-16 08:45:00,SELL,33274.9,33255.4,33288.43571428572,33259.59642857143,0.04,0.78,TP,98.86399999999969
2023-05-16 16:00:00,2023-05-16 17:00:00,SELL,33242.6,33089.4,33242.6,33170.35,0.01,1.531999999999971,TP,100.39599999999966
2023-05-17 01:15:00,2023-05-17 11:30:00,SELL,33012.3,33085.4,33081.561428571425,32913.40785714287,0.01,-0.7309999999999854,SL,99.66499999999968
2023-05-17 11:45:00,2023-05-17 19:15:00,BUY,33084.4,33248.8,33084.4,33218.10071428572,0.01,1.6440000000000146,TP,101.3089999999997
2023-05-18 06:30:00,2023-05-18 10:00:00,SELL,33359.7,33386.3,33381.99285714285,33331.260714285716,0.02,-0.5320000000001164,SL,100.77699999999959
2023-05-18 10:15:00,2023-05-18 15:30:00,BUY,33385.3,33360.8,33385.3,33464.14357142857,0.01,-0.245,SL,100.53199999999958
2023-05-19 01:15:00,2023-05-19 18:15:00,BUY,33593.7,33436.3,33512.46,33710.56,0.01,-1.573999999999942,SL,98.95799999999964
2023-05-19 19:15:00,2023-05-24 10:30:00,SELL,33382.8,32940.6,33382.8,32971.014285714286,0.01,4.422000000000044,TP,103.37999999999968
2023-05-24 10:45:00,2023-05-24 19:15:00,SELL,32947.6,32761.5,32947.6,32765.06785714285,0.01,1.8609999999999856,TP,105.24099999999967
2023-05-24 19:30:00,2023-05-25 21:00:00,SELL,32785.5,32795.9,32785.5,32578.914285714287,0.01,-0.10400000000001455,SL,105.13699999999966
2023-05-26 14:30:00,2023-05-26 16:30:00,BUY,32819.4,33020.4,32720.79285714286,32962.31071428571,0.01,2.0100000000000002,TP,107.14699999999966
2023-05-26 17:00:00,2023-05-31 17:30:00,BUY,33025.9,32751.5,32755.600000000002,33426.35,0.01,-2.7440000000000144,SL,104.40299999999965
2023-05-31 17:45:00,2023-05-31 22:30:00,SELL,32763.2,32969.6,32953.34285714286,32482.985714285714,0.01,-2.0639999999999783,SL,102.33899999999967
2023-06-01 11:30:00,2023-06-01 15:15:00,BUY,32939.0,32869.0,32880.828571428574,33021.25714285714,0.01,-0.7000000000000001,SL,101.63899999999967
2023-06-01 16:00:00,2023-06-01 17:45:00,SELL,32830.0,32941.5,32936.1,32675.850000000002,0.01,-1.115,SL,100.52399999999967
2023-06-02 11:15:00,2023-06-02 15:30:00,BUY,33184.8,33270.8,33184.8,33263.37142857142,0.01,0.86,TP,101.38399999999967
2023-06-02 16:15:00,2023-06-02 17:00:00,BUY,33279.3,33505.3,33279.3,33485.264285714286,0.01,2.2600000000000002,TP,103.64399999999968
2023-06-05 01:00:00,2023-06-05 01:15:00,BUY,33776.5,33843.0,33738.43571428572,33828.59642857142,0.01,0.665,TP,104.30899999999968
2023-06-05 02:00:00,2023-06-05 15:45:00,BUY,33823.0,33733.1,33739.09857142858,33943.85214285713,0.01,-0.8990000000000146,SL,103.40999999999967
2023-06-06 02:15:00,2023-06-06 05:00:00,SELL,33541.0,33574.5,33569.14,33503.79,0.02,-0.67,SL,102.73999999999967
2023-06-06 09:30:00,2023-06-06 17:45:00,SELL,33541.3,33614.5,33588.83571428571,33474.99642857144,0.01,-0.7319999999999709,SL,102.0079999999997
2023-06-07 10:45:00,2023-06-07 14:45:00,SELL,33513.7,33584.2,33571.75714285714,33431.614285714284,0.01,-0.705,SL,101.3029999999997
2023-06-07 16:00:00,2023-06-07 17:15:00,BUY,33596.7,33654.2,33562.02857142857,33643.707142857136,0.02,1.1500000000000001,TP,102.4529999999997
2023-06-08 06:45:00,2023-06-08 10:30:00,SELL,33619.7,33672.5,33657.78571428571,33567.57142857143,0.01,-0.5280000000000291,SL,101.92499999999967
2023-06-08 10:45:00,2023-06-08 16:00:00,BUY,33670.5,33603.5,33622.63285714286,33737.30071428571,0.01,-0.67,SL,101.25499999999967
2023-06-09 09:15:00,2023-06-09 10:15:00,SELL,33769.9,33722.4,33794.107142857145,33738.58928571429,0.02,0.9500000000000001,TP,102.20499999999967
2023-06-09 16:00:00,2023-06-09 16:30:00,BUY,33781.4,33852.9,33741.264285714286,33836.603571428575,0.01,0.715,TP,102.91999999999967
2023-06-12 05:00:00,2023-06-12 08:15:00,SELL,33897.9,33899.9,33897.9,33869.792857142864,0.03,-0.06,SL,102.85999999999967
2023-06-12 09:00:00,2023-06-12 10:30:00,BUY,33898.2,33950.7,33898.2,33931.085714285706,0.02,1.05,TP,103.90999999999967
2023-06-13 06:15:00,2023-06-13 09:00:00,BUY,34073.2,34115.5,34073.2,34107.78928571428,0.02,0.8460000000000583,TP,104.75599999999973
2023-06-14 01:15:00,2023-06-14 21:00:00,SELL,34118.0,33862.8,34238.612857142856,33942.080714285716,0.01,2.5519999999999707,TP,107.3079999999997
2023-06-14 21:15:00,2023-06-15 16:45:00,SELL,33818.8,34159.9,34119.607142857145,33372.58928571429,0.01,-3.4109999999999854,SL,103.89699999999971
2023-06-15 17:30:00,2023-06-19 16:30:00,BUY,34201.4,34201.3,34201.4,34616.07642857144,0.01,-0.000999999999985448,SL,103.89599999999972
2023-06-19 17:15:00,2023-06-20 17:00:00,SELL,34192.3,34047.9,34272.92857142857,34076.357142857145,0.01,1.4440000000000146,TP,105.33999999999973
2023-06-21 16:15:00,2023-06-21 18:15:00,SELL,33962.3,34063.7,34043.27142857143,33845.84285714286,0.01,-1.0139999999999418,SL,104.3259999999998
2023-06-21 22:00:00,2023-06-22 05:00:00,SELL,34036.7,33915.3,34036.7,33933.64642857142,0.01,1.2139999999999418,TP,105.53999999999974
2023-06-22 08:45:00,2023-06-22 10:00:00,SELL,33906.3,33841.5,33906.3,33869.03214285715,0.02,1.2960000000000582,TP,106.8359999999998
2023-06-22 16:30:00,2023-06-22 17:00:00,BUY,33882.1,33994.2,33840.87142857142,33938.94285714286,0.01,1.1209999999999856,TP,107.95699999999978
2023-06-23 05:00:00,2023-06-23 15:45:00,SELL,33866.7,33739.4,33866.7,33747.70357142857,0.01,1.2729999999999564,TP,109.22999999999973
2023-06-23 16:00:00,2023-06-26 16:30:00,SELL,33751.4,33787.1,33751.4,33609.44285714286,0.01,-0.3569999999999709,SL,108.87299999999976
2023-06-27 12:15:00,2023-06-27 14:45:00,SELL,33746.1,33669.1,33746.1,33674.46071428571,0.01,0.77,TP,109.64299999999976
2023-06-27 15:15:00,2023-06-27 16:30:00,SELL,33668.1,33839.9,33748.57142857143,33552.392857142855,0.01,-1.718000000000029,SL,107.92499999999973
2023-06-28 12:45:00,2023-06-28 15:00:00,BUY,33938.0,33927.5,33938.0,33969.533571428576,0.02,-0.21,SL,107.71499999999973
2023-06-28 16:00:00,2023-06-28 16:30:00,SELL,33908.5,33814.0,33962.90714285714,33831.88928571429,0.01,0.9450000000000001,TP,108.65999999999973
2023-06-29 01:30:00,2023-06-29 08:30:00,BUY,33931.3,33855.3,33864.38428571429,34026.673571428575,0.01,-0.76,SL,107.89999999999972
2023-06-29 09:00:00,2023-06-29 11:30:00,SELL,33862.5,33900.5,33893.79285714286,33820.56071428572,0.02,-0.76,SL,107.13999999999972
2023-06-30 09:30:00,2023-06-30 11:30:00,SELL,34110.2,34146.2,34140.44142857143,34069.83785714285,0.02,-0.72,SL,106.41999999999972
2023-06-30 15:00:00,2023-06-30 15:45:00,BUY,34234.2,34291.7,34234.2,34283.232142857145,0.02,1.1500000000000001,TP,107.56999999999972
2023-07-03 11:15:00,2023-07-03 16:15:00,SELL,34379.6,34312.6,34379.6,34332.66785714285,0.02,1.34,TP,108.90999999999973
2023-07-03 19:30:00,2023-07-04 12:30:00,BUY,34456.3,34378.7,34381.19714285715,34563.95428571428,0.01,-0.7760000000000582,SL,108.13399999999967
2023-07-04 13:00:00,2023-07-04 14:30:00,SELL,34389.7,34410.7,34405.78571428571,34370.57142857143,0.04,-0.84,SL,107.29399999999967
2023-07-05 03:00:00,2023-07-05 03:15:00,BUY,34385.7,34402.5,34372.178571428565,34400.982142857145,0.05,0.8400000000001455,TP,108.13399999999982
2023-07-05 04:00:00,2023-07-05 06:15:00,BUY,34403.0,34376.0,34379.64142857143,34433.03785714286,0.03,-0.8099999999999999,SL,107.32399999999981
2023-07-06 03:45:00,2023-07-06 07:15:00,SELL,34221.9,34161.9,34221.9,34167.478571428575,0.01,0.6,TP,107.92399999999981
2023-07-06 08:30:00,2023-07-06 09:00:00,SELL,34152.9,34188.7,34180.96571428572,34115.80142857143,0.02,-0.7159999999999127,SL,107.2079999999999
2023-07-07 09:00:00,2023-07-07 10:00:00,SELL,33914.0,33871.0,33940.25714285714,33879.61428571429,0.02,0.86,TP,108.0679999999999
2023-07-07 10:30:00,2023-07-07 16:45:00,SELL,33861.5,33907.0,33861.5,33766.171428571426,0.01,-0.455,SL,107.6129999999999
2023-07-10 04:00:00,2023-07-10 08:30:00,SELL,33742.9,33638.9,33742.9,33680.292857142864,0.01,1.04,TP,108.6529999999999
2023-07-10 09:15:00,2023-07-10 11:15:00,SELL,33625.0,33714.0,33711.52857142857,33500.20714285714,0.01,-0.89,SL,107.7629999999999
2023-07-11 08:15:00,2023-07-11 09:00:00,BUY,33948.2,33986.0,33931.27285714285,33968.59071428572,0.04,1.5120000000001164,TP,109.27500000000002
2023-07-11 09:30:00,2023-07-11 11:15:00,BUY,34004.0,33922.6,33926.56428571428,34115.15357142858,0.01,-0.8140000000000146,SL,108.461
2023-07-12 10:30:00,2023-07-12 12:00:00,BUY,34277.9,34321.9,34277.9,34311.107142857145,0.02,0.88,TP,109.341
2023-07-12 12:15:00,2023-07-12 15:30:00,BUY,34314.9,34432.7,34279.700000000004,34362.7,0.02,2.355999999999913,TP,111.6969999999999
2023-07-13 06:30:00,2023-07-13 12:15:00,BUY,34401.6,34432.8,34378.02714285714,34431.959285714285,0.03,0.936000000000131,TP,112.63300000000004
2023-07-13 16:00:00,2023-07-13 23:00:00,BUY,34415.8,34363.9,34369.61428571429,34480.078571428574,0.01,-0.5190000000000146,SL,112.11400000000002
2023-07-14 03:30:00,2023-07-14 12:45:00,SELL,34330.8,34425.1,34383.42142857143,34256.86785714286,0.01,-0.9429999999999563,SL,111.17100000000006
2023-07-14 13:15:00,2023-07-14 16:00:00,BUY,34449.1,34596.6,34449.1,34590.73571428572,0.01,1.475,TP,112.64600000000006
2023-07-17 02:30:00,2023-07-17 04:00:00,SELL,34452.0,34482.0,34479.758571428574,34415.362142857135,0.02,-0.6,SL,112.04600000000006
2023-07-17 12:00:00,2023-07-17 16:30:00,SELL,34459.5,34486.0,34459.5,34404.313571428575,0.01,-0.265,SL,111.78100000000006
2023-07-18 12:45:00,2023-07-18 15:00:00,BUY,34614.9,34560.9,34565.15,34684.525,0.01,-0.54,SL,111.24100000000006
2023-07-18 18:15:00,2023-07-20 16:45:00,BUY,34948.3,35281.0,34948.3,35205.58571428572,0.01,3.326999999999971,TP,114.56800000000003
2023-07-20 17:30:00,2023-07-26 21:30:00,BUY,35258.1,35616.2,35258.1,35577.466428571424,0.01,3.5809999999999853,TP,118.14900000000002
2023-07-27 07:15:00,2023-07-27 08:30:00,BUY,35554.3,35522.3,35531.15,35584.02500000001,0.03,-0.96,SL,117.18900000000002
2023-07-27 11:00:00,2023-07-27 15:30:00,BUY,35583.9,35680.9,35519.17857142857,35675.982142857145,0.01,0.97,TP,118.15900000000002
2023-07-28 16:00:00,2023-07-28 18:15:00,BUY,35452.5,35540.9,35452.5,35538.61,0.01,0.8840000000000146,TP,119.04300000000003
2023-07-28 18:45:00,2023-07-28 20:15:00,BUY,35530.9,35430.9,35441.9,35659.4,0.01,-1.0,SL,118.04300000000003
2023-07-31 13:00:00,2023-07-31 16:15:00,BUY,35488.1,35470.6,35488.1,35533.67571428572,0.02,-0.35000000000000003,SL,117.69300000000004
2023-07-31 17:45:00,2023-08-01 16:45:00,BUY,35510.0,35649.6,35510.0,35633.09785714286,0.01,1.3959999999999855,TP,119.08900000000003
2023-08-01 18:45:00,2023-08-01 23:30:00,BUY,35565.0,35638.1,35565.0,35637.841428571424,0.01,0.7309999999999854,TP,119.82000000000001
2023-08-02 02:45:00,2023-08-02 03:00:00,SELL,35568.4,35550.4,35577.77714285714,35559.334285714285,0.08,1.44,TP,121.26
2023-08-02 05:00:00,2023-08-02 07:30:00,SELL,35570.5,35513.0,35570.5,35513.547857142854,0.02,1.1500000000000001,TP,122.41000000000001
2023-08-03 08:00:00,2023-08-03 09:45:00,SELL,35324.4,35250.1,35361.49285714286,35273.760714285716,0.02,1.4860000000000582,TP,123.89600000000007
2023-08-03 11:45:00,2023-08-03 13:00:00,SELL,35166.6,35245.6,35226.18571428571,35082.22142857143,0.01,-0.79,SL,123.10600000000007
2023-08-04 13:15:00,2023-08-04 15:45:00,SELL,35259.7,35265.7,35259.7,35186.71928571428,0.01,-0.06,SL,123.04600000000006
2023-08-04 18:00:00,2023-08-04 21:15:00,BUY,35386.5,35158.0,35225.58571428571,35622.87142857143,0.01,-2.285,SL,120.76100000000007
2023-08-07 04:15:00,2023-08-07 10:15:00,BUY,35143.7,35195.7,35143.7,35187.99,0.02,1.04,TP,121.80100000000007
2023-08-07 13:00:00,2023-08-07 15:45:00,SELL,35132.2,35193.2,35175.13571428571,35072.796428571426,0.01,-0.61,SL,121.19100000000007
2023-08-08 06:15:00,2023-08-08 11:15:00,SELL,35417.4,35368.6,35417.4,35374.49642857144,0.02,0.9760000000000583,TP,122.16700000000013
2023-08-08 11:30:00,2023-08-08 13:00:00,SELL,35376.6,35304.6,35376.6,35313.575,0.01,0.72,TP,122.88700000000013
2023-08-09 08:30:00,2023-08-09 10:30:00,BUY,35313.7,35364.9,35313.7,35343.99285714285,0.03,1.5360000000001308,TP,124.42300000000026
2023-08-09 10:45:00,2023-08-09 16:15:00,BUY,35364.9,35281.9,35296.70714285714,35462.18928571429,0.01,-0.8300000000000001,SL,123.59300000000026
2023-08-10 05:30:00,2023-08-10 10:15:00,BUY,35236.4,35323.1,35236.4,35298.78214285714,0.01,0.8669999999999709,TP,124.46000000000024
2023-08-10 17:15:00,2023-08-10 19:15:00,BUY,35527.6,35235.4,35256.81428571428,35928.77857142857,0.01,-2.921999999999971,SL,121.53800000000027
2023-08-11 15:00:00,2023-08-11 15:45:00,SELL,35175.9,35092.9,35217.21428571429,35118.928571428565,0.02,1.6600000000000001,TP,123.19800000000026
2023-08-11 21:00:00,2023-08-14 05:00:00,BUY,35251.4,35224.3,35251.4,35361.385714285716,0.01,-0.2709999999999855,SL,122.92700000000028
2023-08-15 01:00:00,2023-08-15 10:15:00,BUY,35293.0,35219.7,35233.321428571435,35377.51785714285,0.01,-0.7330000000000291,SL,122.19400000000024
2023-08-15 11:15:00,2023-08-16 22:00:00,SELL,35123.7,34795.4,35123.7,34847.107142857145,0.01,3.2829999999999564,TP,125.4770000000002
2023-08-16 22:30:00,2023-08-17 22:00:00,SELL,34801.9,34468.8,34801.9,34501.735714285714,0.01,3.3309999999999853,TP,128.8080000000002
2023-08-17 22:15:00,2023-08-18 18:00:00,SELL,34501.8,34517.2,34501.8,34241.760714285716,0.01,-0.1539999999999418,SL,128.65400000000025
2023-08-18 18:15:00,2023-08-21 18:00:00,BUY,34485.2,34320.3,34323.76285714286,34722.3557142857,0.01,-1.6489999999999418,SL,127.00500000000031
2023-08-22 09:30:00,2023-08-22 14:45:00,BUY,34472.4,34568.9,34472.4,34551.603571428575,0.01,0.965,TP,127.97000000000031
2023-08-22 17:00:00,2023-08-23 10:15:00,SELL,34420.7,34427.0,34420.7,34237.82499999998,0.01,-0.0630000000000291,SL,127.90700000000028
2023-08-23 11:15:00,2023-08-23 13:45:00,BUY,34432.0,34344.0,34361.77857142857,34532.33214285714,0.01,-0.88,SL,127.02700000000029
2023-08-23 14:15:00,2023-08-23 18:15:00,SELL,34331.0,34442.0,34440.642857142855,34171.53571428572,0.01,-1.11,SL,125.91700000000029
2023-08-24 08:15:00,2023-08-24 10:00:00,BUY,34535.7,34497.0,34499.77857142857,34584.582142857136,0.02,-0.7739999999999418,SL,125.14300000000034
2023-08-24 10:15:00,2023-08-24 16:45:00,SELL,34495.0,34672.0,34495.0,34396.37142857143,0.01,-1.77,SL,123.37300000000035
2023-08-25 11:00:00,2023-08-25 15:30:00,BUY,34177.6,34268.6,34177.6,34261.53928571429,0.01,0.91,TP,124.28300000000034
2023-08-25 15:45:00,2023-08-25 17:15:00,BUY,34261.6,34114.1,34189.50714285714,34364.739285714284,0.01,-1.475,SL,122.80800000000035
2023-08-28 01:00:00,2023-08-28 16:30:00,BUY,34410.8,34643.6,34304.56428571428,34565.153571428586,0.01,2.3279999999999563,TP,125.13600000000031
2023-08-29 08:30:00,2023-08-29 10:15:00,BUY,34590.1,34624.4,34567.771428571425,34618.59285714286,0.03,1.0290000000000872,TP,126.16500000000039
2023-08-29 11:15:00,2023-08-29 17:00:00,SELL,34557.4,34652.4,34644.57142857143,34431.64285714286,0.01,-0.9500000000000001,SL,125.21500000000039
2023-08-30 01:00:00,2023-08-30 10:15:00,BUY,34855.6,34801.0,34817.82142857143,34907.267857142855,0.02,-1.091999999999971,SL,124.12300000000042
2023-08-30 11:15:00,2023-08-30 15:45:00,SELL,34802.9,34869.0,34859.26571428571,34723.351428571434,0.01,-0.6609999999999855,SL,123.46200000000043
2023-08-31 10:00:00,2023-08-31 10:30:00,BUY,34964.3,34994.3,34944.96428571429,34988.30357142857,0.04,1.2,TP,124.66200000000043
2023-08-31 11:00:00,2023-08-31 18:15:00,BUY,35010.8,34940.5,34944.52857142857,35105.20714285715,0.01,-0.7030000000000292,SL,123.9590000000004
2023-09-01 01:00:00,2023-09-01 10:30:00,SELL,34744.3,34821.5,34801.68571428572,34663.22142857143,0.01,-0.7719999999999709,SL,123.18700000000042
2023-09-01 11:00:00,2023-09-01 18:00:00,BUY,34828.5,34784.6,34828.5,34940.40142857142,0.01,-0.43900000000001455,SL,122.7480000000004
2023-09-04 09:00:00,2023-09-04 10:15:00,BUY,34862.0,34899.5,34840.21428571428,34889.67857142858,0.03,1.125,TP,123.8730000000004
2023-09-04 11:30:00,2023-09-04 16:45:00,BUY,34916.5,34854.0,34867.31428571429,34985.27857142857,0.01,-0.625,SL,123.2480000000004
2023-09-05 09:00:00,2023-09-05 10:15:00,SELL,34782.6,34751.6,34806.22857142857,34752.15714285715,0.03,0.9299999999999999,TP,124.17800000000041
2023-09-05 10:30:00,2023-09-05 11:30:00,SELL,34735.1,34793.1,34788.86,34659.45999999999,0.01,-0.58,SL,123.59800000000041
2023-09-06 10:45:00,2023-09-06 17:30:00,SELL,34573.7,34477.2,34573.7,34481.38214285714,0.01,0.965,TP,124.56300000000041
2023-09-06 18:15:00,2023-09-08 17:15:00,SELL,34428.7,34604.5,34592.1,34188.59999999999,0.01,-1.758000000000029,SL,122.80500000000039
2023-09-08 21:30:00,2023-09-11 08:00:00,SELL,34546.5,34631.5,34625.7,34432.700000000004,0.01,-0.85,SL,121.9550000000004
2023-09-11 09:00:00,2023-09-11 10:30:00,BUY,34649.3,34712.8,34649.3,34707.50357142858,0.02,1.27,TP,123.22500000000039
2023-09-11 10:45:00,2023-09-11 11:30:00,BUY,34705.8,34645.3,34647.80714285715,34787.78928571429,0.01,-0.605,SL,122.62000000000039
2023-09-12 04:00:00,2023-09-12 10:15:00,SELL,34630.0,34599.3,34653.10571428572,34600.341428571424,0.03,0.9209999999999127,TP,123.5410000000003
2023-09-12 10:45:00,2023-09-12 18:15:00,SELL,34598.3,34672.0,34656.27142857143,34516.34285714286,0.01,-0.7369999999999709,SL,122.80400000000033
2023-09-13 04:15:00,2023-09-13 04:30:00,SELL,34644.1,34615.6,34660.44857142857,34624.577142857146,0.04,1.1400000000000001,TP,123.94400000000033
2023-09-13 04:45:00,2023-09-13 10:15:00,SELL,34617.1,34667.4,34661.2,34555.95,0.01,-0.5030000000000291,SL,123.4410000000003
2023-09-14 06:00:00,2023-09-14 11:15:00,BUY,34628.4,34595.7,34597.19714285714,34670.204285714295,0.02,-0.6540000000000873,SL,122.78700000000022
2023-09-14 12:30:00,2023-09-14 16:00:00,BUY,34638.7,34770.7,34638.7,34734.93928571428,0.01,1.32,TP,124.10700000000021
2023-09-15 06:30:00,2023-09-15 10:15:00,BUY,34990.8,34966.5,34967.95714285714,35020.064285714296,0.03,-0.7290000000000872,SL,123.37800000000013
2023-09-15 13:00:00,2023-09-15 15:15:00,BUY,35004.0,34962.5,34969.107142857145,35051.33928571428,0.02,-0.8300000000000001,SL,122.54800000000013
2023-09-18 14:15:00,2023-09-18 16:15:00,SELL,34636.3,34636.3,34636.3,34593.42857142857,0.02,0.0,SL,122.54800000000013
2023-09-18 19:00:00,2023-09-19 15:45:00,BUY,34690.7,34585.3,34588.067142857144,34839.64928571427,0.01,-1.0539999999999419,SL,121.49400000000018
2023-09-19 16:45:00,2023-09-19 18:30:00,SELL,34540.7,34365.2,34540.7,34372.62142857141,0.01,1.7550000000000001,TP,123.24900000000018
2023-09-19 19:15:00,2023-09-19 20:30:00,SELL,34348.7,34416.2,34406.32857142857,34267.25714285714,0.01,-0.675,SL,122.57400000000018
2023-09-20 11:00:00,2023-09-20 11:45:00,BUY,34529.6,34564.6,34529.6,34562.55,0.03,1.05,TP,123.62400000000018
2023-09-20 12:00:00,2023-09-20 15:30:00,BUY,34556.6,34619.6,34556.6,34614.61071428572,0.02,1.26,TP,124.88400000000019
2023-09-21 02:15:00,2023-09-21 05:15:00,SELL,34428.6,34370.6,34428.6,34374.639285714286,0.02,1.16,TP,126.04400000000018
2023-09-21 05:45:00,2023-09-21 13:15:00,SELL,34356.6,34278.9,34356.6,34289.139285714286,0.01,0.7769999999999709,TP,126.82100000000015
2023-09-22 05:30:00,2023-09-22 10:45:00,BUY,34093.8,34082.1,34093.8,34144.96428571429,0.02,-0.2340000000000873,SL,126.58700000000006
2023-09-22 22:30:00,2023-09-25 22:45:00,SELL,33995.1,34010.35,33995.1,33748.34642857143,0.01,-0.1525,SL,126.43450000000006
2023-09-26 01:00:00,2023-09-26 03:45:00,BUY,34021.2,33919.8,33925.010714285716,34160.48392857142,0.01,-1.0139999999999418,SL,125.42050000000012
2023-09-26 09:30:00,2023-09-26 11:00:00,SELL,33856.1,33887.1,33856.1,33759.68928571428,0.01,-0.31,SL,125.11050000000012
2023-09-27 04:00:00,2023-09-27 08:45:00,BUY,33665.3,33713.3,33633.67142857143,33707.74285714286,0.02,0.96,TP,126.07050000000011
2023-09-27 09:00:00,2023-09-27 12:30:00,BUY,33712.0,33696.0,33712.0,33757.53928571427,0.02,-0.32,SL,125.75050000000012
2023-09-28 05:00:00,2023-09-28 05:45:00,SELL,33593.5,33545.5,33593.5,33556.671428571426,0.02,0.96,TP,126.71050000000011
2023-09-28 06:15:00,2023-09-28 17:00:00,SELL,33536.5,33632.2,33605.52857142857,33437.95714285714,0.01,-0.9569999999999709,SL,125.75350000000014
2023-09-29 09:30:00,2023-09-29 15:30:00,BUY,33747.3,33875.3,33747.3,33858.571428571435,0.01,1.28,TP,127.03350000000015
2023-09-29 15:45:00,2023-09-29 16:45:00,BUY,33876.3,33762.8,33768.55714285715,34032.91428571429,0.01,-1.135,SL,125.89850000000014
2023-10-02 03:30:00,2023-10-02 08:30:00,BUY,33684.4,33631.9,33633.31285714286,33756.03071428571,0.01,-0.525,SL,125.37350000000013
2023-10-02 13:45:00,2023-10-02 18:45:00,SELL,33498.7,33316.3,33498.7,33354.71785714285,0.01,1.823999999999942,TP,127.19750000000008
2023-10-03 07:30:00,2023-10-03 10:30:00,SELL,33366.6,33440.3,33420.69285714286,33290.46071428571,0.01,-0.7370000000000436,SL,126.46050000000004
2023-10-03 11:30:00,2023-10-03 14:00:00,BUY,33468.3,33355.3,33388.514285714286,33582.97857142858,0.01,-1.1300000000000001,SL,125.33050000000004
2023-10-04 11:45:00,2023-10-06 15:30:00,BUY,32984.0,32947.2,32984.0,33227.53928571429,0.01,-0.36800000000002914,SL,124.96250000000002
2023-10-06 15:45:00,2023-10-06 18:15:00,SELL,32898.2,33261.7,33188.549999999996,32467.675,0.01,-3.6350000000000002,SL,121.32750000000001
2023-10-06 19:00:00,2023-10-16 17:45:00,BUY,33400.2,34061.7,33400.2,34019.360714285714,0.01,6.615,TP,127.94250000000001
2023-10-16 18:15:00,2023-10-17 16:15:00,BUY,34056.2,33826.9,33831.67,34387.994999999995,0.01,-2.292999999999956,SL,125.64950000000006
2023-10-17 19:30:00,2023-10-17 20:45:00,BUY,34074.4,33901.4,33960.53571428572,34240.19642857143,0.01,-1.73,SL,123.91950000000006
2023-10-18 13:30:00,2023-10-18 20:00:00,SELL,33875.3,33875.3,33875.3,33693.689285714296,0.01,0.0,SL,123.91950000000006
2023-10-18 21:30:00,2023-10-19 17:15:00,SELL,33770.8,33544.7,33770.8,33546.12857142858,0.01,2.2610000000000583,TP,126.18050000000011
2023-10-19 17:45:00,2023-10-19 19:45:00,SELL,33527.2,33766.2,33719.118571428575,33244.32214285713,0.01,-2.39,SL,123.79050000000011
2023-10-19 21:00:00,2023-10-20 17:00:00,SELL,33623.2,33236.9,33623.2,33244.70357142857,0.01,3.8629999999999565,TP,127.65350000000007
2023-10-20 17:45:00,2023-10-23 12:30:00,SELL,33242.4,32927.2,33242.4,32964.425,0.01,3.1520000000000437,TP,130.8055000000001
2023-10-23 13:00:00,2023-10-23 17:30:00,SELL,32920.2,33102.2,33095.77857142857,32661.832142857136,0.01,-1.82,SL,128.98550000000012
2023-10-23 19:00:00,2023-10-23 20:15:00,BUY,33136.7,33115.2,33136.7,33237.803571428565,0.01,-0.215,SL,128.7705000000001
2023-10-24 11:45:00,2023-10-24 16:45:00,BUY,33027.2,33203.7,33027.2,33149.19642857143,0.01,1.7650000000000001,TP,130.5355000000001
2023-10-24 17:00:00,2023-10-24 19:15:00,BUY,33197.7,33035.2,33063.01571428572,33394.72642857141,0.01,-1.625,SL,128.9105000000001
2023-10-25 08:00:00,2023-10-25 08:15:00,SELL,33193.0,33179.5,33200.107142857145,33187.33928571428,0.13,1.7550000000000001,TP,130.6655000000001
2023-10-25 09:00:00,2023-10-25 14:30:00,SELL,33155.2,33219.2,33202.264285714286,33089.60357142857,0.01,-0.64,SL,130.0255000000001
2023-10-26 03:30:00,2023-10-26 10:00:00,SELL,32997.2,32915.3,32997.2,32926.93214285714,0.01,0.8189999999999418,TP,130.84450000000004
2023-10-26 10:15:00,2023-10-26 15:30:00,SELL,32915.3,32999.0,32992.05714285715,32805.16428571429,0.01,-0.8369999999999709,SL,130.00750000000008
2023-10-27 09:30:00,2023-10-27 10:00:00,SELL,32868.9,32813.9,32905.07142857143,32819.64285714286,0.02,1.1,TP,131.10750000000007
2023-10-27 10:15:00,2023-10-27 11:45:00,SELL,32814.9,32898.9,32898.53571428572,32694.446428571428,0.01,-0.84,SL,130.26750000000007
2023-10-30 03:00:00,2023-10-30 10:00:00,BUY,32506.5,32572.0,32506.5,32569.975000000002,0.01,0.655,TP,130.92250000000007
2023-10-30 11:45:00,2023-10-30 15:30:00,BUY,32590.0,32719.5,32523.742857142857,32684.385714285716,0.01,1.295,TP,132.21750000000006
2023-10-31 04:45:00,2023-10-31 09:00:00,SELL,32890.2,32938.1,32929.88571428571,32835.671428571426,0.02,-0.9580000000000292,SL,131.25950000000003
2023-10-31 11:00:00,2023-10-31 15:00:00,BUY,33031.6,32910.6,32915.44142857143,33200.83785714285,0.01,-1.21,SL,130.04950000000002
2023-11-01 08:15:00,2023-11-01 10:15:00,BUY,33002.1,32941.4,32957.37142857143,33064.19285714285,0.02,-1.2139999999999418,SL,128.83550000000008
2023-11-01 10:30:00,2023-11-01 15:00:00,SELL,32946.9,33035.9,33032.21,32823.935000000005,0.01,-0.89,SL,127.94550000000008
2023-11-02 10:00:00,2023-11-02 10:15:00,BUY,33303.9,33352.4,33275.665714285715,33341.25142857143,0.02,0.97,TP,128.9155000000001
2023-11-02 11:45:00,2023-11-02 14:30:00,BUY,33390.4,33493.4,33390.4,33471.43357142858,0.01,1.03,TP,129.9455000000001
2023-11-03 00:00:00,2023-11-03 14:30:00,BUY,33853.4,33990.9,33798.055714285714,33931.416428571436,0.01,1.375,TP,131.3205000000001
2023-11-03 15:00:00,2023-11-09 20:30:00,BUY,34012.9,33990.3,34012.9,34277.69642857143,0.01,-0.22599999999998546,SL,131.0945000000001
2023-11-09 20:45:00,2023-11-10 19:30:00,SELL,33977.8,34150.3,34127.5,33758.25000000001,0.01,-1.725,SL,129.3695000000001
2023-11-10 20:00:00,2023-11-13 18:30:00,BUY,34137.3,34346.3,34137.3,34339.158571428576,0.01,2.09,TP,131.4595000000001
2023-11-13 19:00:00,2023-11-14 15:30:00,BUY,34372.3,34666.4,34260.96857142857,34534.29714285715,0.01,2.9409999999999856,TP,134.40050000000008
2023-11-14 16:00:00,2023-11-22 16:30:00,BUY,34689.4,35259.9,34689.4,35253.928571428565,0.01,5.705,TP,140.1055000000001
2023-11-22 18:00:00,2023-11-24 18:00:00,BUY,35244.5,35393.0,35244.5,35391.48428571428,0.01,1.485,TP,141.5905000000001
2023-11-27 04:45:00,2023-11-27 12:45:00,SELL,35318.8,35368.0,35361.77857142857,35259.33214285715,0.02,-0.9839999999999418,SL,140.60650000000015
2023-11-28 09:30:00,2023-11-28 17:30:00,SELL,35317.6,35464.1,35374.55285714286,35237.170714285705,0.01,-1.465,SL,139.14150000000015
2023-11-28 17:45:00,2023-11-30 16:45:00,BUY,35454.1,35701.8,35454.1,35673.85357142857,0.01,2.477000000000044,TP,141.61850000000018
2023-11-30 17:00:00,2023-11-30 22:30:00,BUY,35700.8,35875.4,35700.8,35866.85357142858,0.01,1.7459999999999856,TP,143.36450000000016
2023-11-30 23:00:00,2023-12-01 19:45:00,BUY,35934.4,36250.5,35934.4,36218.364285714284,0.01,3.1609999999999854,TP,146.52550000000014
2023-12-01 20:00:00,2023-12-04 16:00:00,BUY,36211.0,36059.3,36072.71714285714,36413.424285714296,0.01,-1.516999999999971,SL,145.00850000000017
2023-12-04 17:45:00,2023-12-06 16:45:00,SELL,36075.3,36248.0,36240.34428571429,35832.73357142857,0.01,-1.726999999999971,SL,143.2815000000002
2023-12-06 18:00:00,2023-12-06 22:45:00,SELL,36182.9,36057.4,36182.9,36063.078571428574,0.01,1.2550000000000001,TP,144.5365000000002
2023-12-06 23:00:00,2023-12-07 20:30:00,SELL,36053.9,36160.0,36157.55714285714,35903.41428571429,0.01,-1.0609999999999855,SL,143.4755000000002
2023-12-08 12:00:00,2023-12-08 13:45:00,BUY,36143.4,36086.9,36095.92142857143,36209.61785714285,0.02,-1.1300000000000001,SL,142.34550000000021
2023-12-08 14:45:00,2023-12-08 16:30:00,SELL,36063.9,36145.9,36142.607142857145,35950.83928571429,0.01,-0.8200000000000001,SL,141.52550000000022
2023-12-11 01:00:00,2023-12-11 09:45:00,BUY,36271.5,36222.3,36223.578571428574,36338.38214285714,0.02,-0.9839999999999418,SL,140.54150000000027
2023-12-11 10:30:00,2023-12-11 11:15:00,SELL,36212.3,36260.8,36249.64285714286,36161.28571428571,0.02,-0.97,SL,139.57150000000027
2023-12-12 01:00:00,2023-12-12 11:30:00,BUY,36410.7,36493.2,36410.7,36480.346428571414,0.01,0.8250000000000001,TP,140.39650000000026
2023-12-12 15:30:00,2023-12-12 17:15:00,SELL,36469.2,36484.0,36469.2,36362.825,0.01,-0.1480000000000291,SL,140.24850000000023
2023-12-13 01:15:00,2023-12-13 16:30:00,BUY,36609.5,36534.9,36563.18571428571,36673.97142857143,0.02,-1.491999999999971,SL,138.75650000000027
2023-12-13 22:00:00,2023-12-27 20:00:00,BUY,36997.5,37651.2,36997.5,37636.450000000004,0.01,6.536999999999971,TP,145.29350000000025
2023-12-28 03:15:00,2023-12-28 10:45:00,BUY,37679.4,37642.7,37648.08571428571,37721.37142857144,0.02,-0.7340000000000874,SL,144.55950000000016
2023-12-28 12:30:00,2023-12-28 16:30:00,SELL,37626.9,37665.1,37657.06285714285,37586.65571428572,0.03,-1.1459999999999126,SL,143.41350000000025
2023-12-29 09:15:00,2023-12-29 10:15:00,BUY,37762.3,37786.3,37745.64571428572,37782.28142857143,0.05,1.2000000000000002,TP,144.61350000000024
2023-12-29 14:15:00,2023-12-29 17:45:00,SELL,37727.8,37674.1,37759.235714285714,37685.64642857143,0.02,1.0740000000000873,TP,145.68750000000034
